year,date,rm_up,rm_down,dry_length,reach,event_number,day_number
2002,6/6/2002,84.1,74,10.1,San Acacia,1,1
2002,6/9/2002,76.6,74,2.6,San Acacia,2,1
2002,6/10/2002,79.6,74,5.6,San Acacia,2,2
2002,6/13/2002,64.1,57.5,6.6,San Acacia,3,1
2002,6/20/2002,82.2,74,8.2,San Acacia,4,1
2002,6/21/2002,84.9,74,10.9,San Acacia,4,2
2002,6/25/2002,64.1,57.5,6.6,San Acacia,5,1
2002,6/26/2002,91.9,74,17.9,San Acacia,5,2
2002,6/27/2002,85.1,74,11.1,San Acacia,5,3
2002,6/28/2002,84.7,74,10.7,San Acacia,5,4
2002,6/29/2002,92.4,74,18.4,San Acacia,5,5
2002,6/30/2002,85.1,74,11.1,San Acacia,5,6
2002,7/1/2002,94,74,20,San Acacia,5,7
2002,7/2/2002,94,74,20,San Acacia,5,8
2002,7/3/2002,94.6,74,20.6,San Acacia,5,9
2002,7/4/2002,94,74,20,San Acacia,5,10
2002,7/5/2002,86.4,74,12.4,San Acacia,5,11
2002,7/6/2002,92.5,74,18.5,San Acacia,5,12
2002,7/8/2002,93.3,74,19.3,San Acacia,6,1
2002,7/9/2002,93.3,74,19.3,San Acacia,6,2
2002,7/10/2002,94.7,74,20.7,San Acacia,6,3
2002,7/11/2002,94,74,20,San Acacia,6,4
2002,7/12/2002,95.1,74,21.1,San Acacia,6,5
2002,7/15/2002,94,74,20,San Acacia,7,1
2002,7/16/2002,93.1,74,19.1,San Acacia,7,2
2002,7/18/2002,93.1,74,19.1,San Acacia,8,1
2002,7/19/2002,91.9,74,17.9,San Acacia,8,2
2002,8/18/2002,91,74,17,San Acacia,9,1
2002,8/19/2002,76.3,74,2.3,San Acacia,9,2
2002,8/20/2002,116.1,74,42.1,San Acacia,9,3
2002,8/25/2002,76.6,74,2.6,San Acacia,10,1
2002,9/11/2002,93.2,74,19.2,San Acacia,11,1
2002,9/30/2002,79.9,74,5.9,San Acacia,12,1
2002,10/3/2002,78.3,74,4.3,San Acacia,13,1
2002,10/8/2002,79.9,74,5.9,San Acacia,14,1
2002,10/9/2002,79.6,74,5.6,San Acacia,14,2
2002,10/14/2002,76.6,74,2.6,San Acacia,15,1
2002,10/20/2002,82.9,74,8.9,San Acacia,16,1
2003,8/5/2003,68.7,57.5,11.2,San Acacia,1,1
2003,8/11/2003,71.8,57.5,14.3,San Acacia,2,1
2003,8/12/2003,61.2,57.5,3.7,San Acacia,2,2
2003,8/16/2003,61.2,57.5,3.7,San Acacia,3,1
2003,9/6/2003,107.7,74,33.7,San Acacia,4,1
2003,9/9/2003,118.9,116.2,2.7,San Acacia,5,1
2003,9/20/2003,94,74,20,San Acacia,6,1
2003,9/21/2003,94,74,20,San Acacia,6,2
2003,10/2/2003,127.6,116.2,11.4,Isleta,7,1
2003,10/29/2003,97.2,74,23.2,San Acacia,8,1
2003,10/30/2003,92.6,74,18.6,San Acacia,8,2
2004,6/16/2004,75.6,74,1.6,San Acacia,1,1
2004,6/17/2004,80,74,6,San Acacia,1,2
2004,6/19/2004,84.3,74,10.3,San Acacia,2,1
2004,6/21/2004,89.8,74,15.8,San Acacia,3,1
2004,6/22/2004,90,74,16,San Acacia,3,2
2004,6/23/2004,90,74,16,San Acacia,3,3
2004,6/24/2004,154.9,152.5,2.4,Isleta,3,4
2004,6/26/2004,154.9,152.5,2.4,Isleta,4,1
2004,6/27/2004,94.2,74,20.2,San Acacia,4,2
2004,6/28/2004,156.5,152.5,4,Isleta,4,3
2004,6/29/2004,87.9,74,13.9,San Acacia,4,4
2004,7/1/2004,83.6,74,9.6,San Acacia,5,1
2004,7/5/2004,154.5,152.5,2,Isleta,6,1
2004,7/6/2004,155.4,152.5,2.9,Isleta,6,2
2004,7/7/2004,155.5,152.5,3,Isleta,6,3
2004,7/8/2004,159.8,152.5,7.3,Isleta,6,4
2004,7/10/2004,95.7,74,21.7,San Acacia,7,1
2004,7/11/2004,162.5,152.5,10,Isleta,7,2
2004,7/12/2004,163.6,152.5,11.1,Isleta,7,3
2004,7/13/2004,163.4,152.5,10.9,Isleta,7,4
2004,7/14/2004,162.7,152.5,10.2,Isleta,7,5
2004,7/15/2004,164,152.5,11.5,Isleta,7,6
2004,7/16/2004,164.3,152.5,11.8,Isleta,7,7
2004,7/17/2004,136.3,132,4.3,Isleta,7,8
2004,7/18/2004,135.7,132,3.7,Isleta,7,9
2004,7/19/2004,164.3,152.5,11.8,Isleta,7,10
2004,7/20/2004,164.5,152.5,12,Isleta,7,11
2004,7/21/2004,99.8,74,25.8,San Acacia,7,12
2004,7/22/2004,135.3,132,3.3,Isleta,7,13
2004,7/23/2004,135.8,132,3.8,Isleta,7,14
2004,7/31/2004,160.8,152.5,8.3,Isleta,8,1
2004,8/2/2004,164,152.5,11.5,Isleta,9,1
2004,8/3/2004,81.4,74,7.4,San Acacia,9,2
2004,8/4/2004,155.9,152.5,3.4,Isleta,9,3
2004,8/5/2004,155.9,152.5,3.4,Isleta,9,4
2004,8/6/2004,155.9,152.5,3.4,Isleta,9,5
2004,8/7/2004,162.9,152.5,10.4,Isleta,9,6
2004,8/8/2004,163.9,152.5,11.4,Isleta,9,7
2004,8/9/2004,164.3,152.5,11.8,Isleta,9,8
2004,8/10/2004,164.3,152.5,11.8,Isleta,9,9
2004,8/11/2004,116.2,74,42.2,San Acacia,9,10
2004,8/12/2004,88.1,74,14.1,San Acacia,9,11
2004,8/13/2004,164.6,152.5,12.1,Isleta,9,12
2004,8/14/2004,164.9,152.5,12.4,Isleta,9,13
2004,8/15/2004,164.8,152.5,12.3,Isleta,9,14
2004,8/16/2004,134.3,132,2.3,Isleta,9,15
2004,8/22/2004,164.9,152.5,12.4,Isleta,10,1
2004,8/23/2004,167.4,152.5,14.9,Isleta,10,2
2004,8/24/2004,166.5,152.5,14,Isleta,10,3
2004,8/25/2004,167.3,152.5,14.8,Isleta,10,4
2004,8/27/2004,167.3,152.5,14.8,Isleta,11,1
2004,8/28/2004,135.4,132,3.4,Isleta,11,2
2004,8/29/2004,166.8,152.5,14.3,Isleta,11,3
2004,9/1/2004,104.5,74,30.5,San Acacia,12,1
2004,9/3/2004,105.8,74,31.8,San Acacia,13,1
2004,9/7/2004,135.4,132,3.4,Isleta,14,1
2004,9/8/2004,163.6,152.5,11.1,Isleta,14,2
2004,9/9/2004,108.9,74,34.9,San Acacia,14,3
2004,9/10/2004,110.1,74,36.1,San Acacia,14,4
2004,9/11/2004,109.5,74,35.5,San Acacia,14,5
2004,9/12/2004,99.1,74,25.1,San Acacia,14,6
2004,9/13/2004,109.1,74,35.1,San Acacia,14,7
2004,9/14/2004,109.1,74,35.1,San Acacia,14,8
2004,9/15/2004,109.8,74,35.8,San Acacia,14,9
2004,9/16/2004,137,132,5,Isleta,14,10
2004,9/17/2004,110,74,36,San Acacia,14,11
2004,9/18/2004,110,74,36,San Acacia,14,12
2004,9/19/2004,109.1,74,35.1,San Acacia,14,13
2004,9/20/2004,109.1,74,35.1,San Acacia,14,14
2004,9/21/2004,109.1,74,35.1,San Acacia,14,15
2004,9/22/2004,163.8,152.5,11.3,Isleta,14,16
2004,9/23/2004,164.3,152.5,11.8,Isleta,14,17
2004,9/24/2004,164.5,152.5,12,Isleta,14,18
2004,9/25/2004,108.2,74,34.2,San Acacia,14,19
2004,9/26/2004,164.9,152.5,12.4,Isleta,14,20
2004,9/27/2004,107.6,74,33.6,San Acacia,14,21
2004,9/29/2004,99.8,74,25.8,San Acacia,15,1
2004,9/30/2004,107.6,74,33.6,San Acacia,15,2
2004,10/1/2004,109.1,74,35.1,San Acacia,15,3
2004,10/2/2004,109.1,74,35.1,San Acacia,15,4
2004,10/3/2004,104.5,74,30.5,San Acacia,15,5
2004,10/4/2004,97.4,74,23.4,San Acacia,15,6
2004,10/5/2004,94.8,74,20.8,San Acacia,15,7
2004,10/6/2004,104.5,74,30.5,San Acacia,15,8
2005,7/23/2005,72.2,57.5,14.7,San Acacia,1,1
2005,7/24/2005,76.2,74,2.2,San Acacia,1,2
2005,7/26/2005,77.5,74,3.5,San Acacia,2,1
2005,7/27/2005,77.5,74,3.5,San Acacia,2,2
2005,7/28/2005,81.6,74,7.6,San Acacia,2,3
2005,7/29/2005,84.4,74,10.4,San Acacia,2,4
2005,7/30/2005,85.8,74,11.8,San Acacia,2,5
2005,7/31/2005,84.8,74,10.8,San Acacia,2,6
2005,8/1/2005,84.8,74,10.8,San Acacia,2,7
2005,8/2/2005,91,74,17,San Acacia,2,8
2005,8/3/2005,91.4,74,17.4,San Acacia,2,9
2005,8/4/2005,91.6,74,17.6,San Acacia,2,10
2005,8/5/2005,92.7,74,18.7,San Acacia,2,11
2005,8/6/2005,85.1,74,11.1,San Acacia,2,12
2005,8/7/2005,92.4,74,18.4,San Acacia,2,13
2005,8/8/2005,91.1,74,17.1,San Acacia,2,14
2005,8/9/2005,92.3,74,18.3,San Acacia,2,15
2005,8/10/2005,92.6,74,18.6,San Acacia,2,16
2005,8/11/2005,92.1,74,18.1,San Acacia,2,17
2005,8/13/2005,75.8,74,1.8,San Acacia,3,1
2005,8/14/2005,72.6,57.5,15.1,San Acacia,3,2
2005,8/15/2005,69.5,57.5,12,San Acacia,3,3
2005,8/16/2005,67.8,57.5,10.3,San Acacia,3,4
2005,8/24/2005,72.1,57.5,14.6,San Acacia,4,1
2005,8/27/2005,155.3,152.5,2.8,Isleta,5,1
2005,8/28/2005,155.9,152.5,3.4,Isleta,5,2
2005,8/29/2005,83,74,9,San Acacia,5,3
2005,8/30/2005,82.1,74,8.1,San Acacia,5,4
2005,8/31/2005,81.9,74,7.9,San Acacia,5,5
2005,9/1/2005,81.9,74,7.9,San Acacia,5,6
2005,9/2/2005,81.9,74,7.9,San Acacia,5,7
2005,9/3/2005,82.9,74,8.9,San Acacia,5,8
2005,9/14/2005,80,74,6,San Acacia,6,1
2005,9/15/2005,90.6,74,16.6,San Acacia,6,2
2005,9/16/2005,90,74,16,San Acacia,6,3
2005,9/17/2005,90.9,74,16.9,San Acacia,6,4
2005,9/18/2005,91.1,74,17.1,San Acacia,6,5
2005,9/19/2005,90.9,74,16.9,San Acacia,6,6
2005,9/20/2005,91.2,74,17.2,San Acacia,6,7
2005,9/21/2005,93.5,74,19.5,San Acacia,6,8
2005,9/23/2005,84.6,74,10.6,San Acacia,7,1
2005,9/24/2005,152.5,152.5,0,Isleta,7,2
2005,9/26/2005,94.4,74,20.4,San Acacia,8,1
2005,9/27/2005,94.6,74,20.6,San Acacia,8,2
2005,9/28/2005,95.9,74,21.9,San Acacia,8,3
2005,9/29/2005,94.9,74,20.9,San Acacia,8,4
2005,9/30/2005,72.1,57.5,14.6,San Acacia,8,5
2005,10/30/2005,58.6,57.5,1.1,San Acacia,9,1
2005,10/31/2005,72.5,57.5,15,San Acacia,9,2
2006,5/22/2006,78.4,74,4.4,San Acacia,1,1
2006,5/23/2006,78.3,74,4.3,San Acacia,1,2
2006,5/24/2006,76.6,74,2.6,San Acacia,1,3
2006,5/25/2006,74.6,74,0.6,San Acacia,1,4
2006,5/26/2006,74.5,74,0.5,San Acacia,1,5
2006,5/27/2006,74.8,74,0.8,San Acacia,1,6
2006,6/15/2006,75.6,74,1.6,San Acacia,2,1
2006,6/16/2006,76.8,74,2.8,San Acacia,2,2
2006,6/17/2006,81.4,74,7.4,San Acacia,2,3
2006,6/18/2006,81.8,74,7.8,San Acacia,2,4
2006,6/19/2006,81.4,74,7.4,San Acacia,2,5
2006,6/20/2006,82.1,74,8.1,San Acacia,2,6
2006,6/21/2006,81.6,74,7.6,San Acacia,2,7
2006,6/22/2006,83,74,9,San Acacia,2,8
2006,6/23/2006,84,74,10,San Acacia,2,9
2006,6/24/2006,85.7,74,11.7,San Acacia,2,10
2006,6/25/2006,88.1,74,14.1,San Acacia,2,11
2006,6/26/2006,89.6,74,15.6,San Acacia,2,12
2006,7/6/2006,80,74,6,San Acacia,3,1
2006,7/20/2006,159.5,152.5,7,Isleta,4,1
2006,7/23/2006,87.1,74,13.1,San Acacia,5,1
2006,7/24/2006,84.2,74,10.2,San Acacia,5,2
2006,7/25/2006,86.9,74,12.9,San Acacia,5,3
2006,7/26/2006,92.3,74,18.3,San Acacia,5,4
2006,7/27/2006,84.3,74,10.3,San Acacia,5,5
2006,9/19/2006,75.8,74,1.8,San Acacia,6,1
2006,9/21/2006,83.3,74,9.3,San Acacia,7,1
2006,9/22/2006,81,74,7,San Acacia,7,2
2006,9/23/2006,80.5,74,6.5,San Acacia,7,3
2006,9/24/2006,80.3,74,6.3,San Acacia,7,4
2006,9/25/2006,80.5,74,6.5,San Acacia,7,5
2006,9/26/2006,154.9,152.5,2.4,Isleta,7,6
2006,9/27/2006,154.9,152.5,2.4,Isleta,7,7
2006,9/28/2006,154,152.5,1.5,Isleta,7,8
2006,9/29/2006,154,152.5,1.5,Isleta,7,9
2006,9/30/2006,83.2,74,9.2,San Acacia,7,10
2006,10/1/2006,88.3,74,14.3,San Acacia,7,11
2006,10/4/2006,86.3,74,12.3,San Acacia,8,1
2006,10/5/2006,156.2,152.5,3.7,Isleta,8,2
2006,10/6/2006,156.7,152.5,4.2,Isleta,8,3
2006,10/7/2006,90,74,16,San Acacia,8,4
2006,10/8/2006,89.8,74,15.8,San Acacia,8,5
2007,6/30/2007,76.5,74,2.5,San Acacia,1,1
2007,7/1/2007,76.5,74,2.5,San Acacia,1,2
2007,7/2/2007,84.5,74,10.5,San Acacia,1,3
2007,7/3/2007,84.5,74,10.5,San Acacia,1,4
2007,7/4/2007,88,74,14,San Acacia,1,5
2007,7/5/2007,85.5,74,11.5,San Acacia,1,6
2007,7/6/2007,84,74,10,San Acacia,1,7
2007,7/7/2007,74,74,0,San Acacia,1,8
2007,7/9/2007,159.1,152.5,6.6,Isleta,2,1
2007,7/14/2007,88.5,74,14.5,San Acacia,3,1
2007,7/15/2007,90,74,16,San Acacia,3,2
2007,7/16/2007,90,74,16,San Acacia,3,3
2007,7/17/2007,90,74,16,San Acacia,3,4
2007,7/18/2007,91.5,74,17.5,San Acacia,3,5
2007,7/19/2007,93,74,19,San Acacia,3,6
2007,7/20/2007,95,74,21,San Acacia,3,7
2007,7/23/2007,98,74,24,San Acacia,4,1
2007,7/24/2007,96,74,22,San Acacia,4,2
2007,7/25/2007,83.5,74,9.5,San Acacia,4,3
2007,8/2/2007,78,74,4,San Acacia,5,1
2007,8/12/2007,154,152.5,1.5,Isleta,6,1
2007,8/13/2007,153,152.5,0.5,Isleta,6,2
2007,8/14/2007,154,152.5,1.5,Isleta,6,3
2007,8/15/2007,155.5,152.5,3,Isleta,6,4
2007,8/16/2007,158.5,152.5,6,Isleta,6,5
2007,8/17/2007,96.5,90.5,6,San Acacia,6,6
2007,8/18/2007,91,90.5,0.5,San Acacia,6,7
2007,8/19/2007,89,84,5,San Acacia,6,8
2007,8/20/2007,80,74,6,San Acacia,6,9
2007,8/21/2007,89.5,74,15.5,San Acacia,6,10
2007,8/22/2007,89.5,74,15.5,San Acacia,6,11
2007,8/23/2007,90.5,74,16.5,San Acacia,6,12
2007,8/24/2007,90.5,74,16.5,San Acacia,6,13
2007,8/25/2007,92,74,18,San Acacia,6,14
2007,8/26/2007,85.5,76.5,9,San Acacia,6,15
2007,8/27/2007,86,76.5,9.5,San Acacia,6,16
2007,8/28/2007,157,152.5,4.5,Isleta,6,17
2007,8/29/2007,91,74,17,San Acacia,6,18
2007,8/30/2007,152.5,152.5,0,Isleta,6,19
2007,8/31/2007,158.5,152.5,6,Isleta,6,20
2007,9/1/2007,155,152.5,2.5,Isleta,6,21
2007,9/2/2007,153,152.5,0.5,Isleta,6,22
2007,9/6/2007,159,152.5,6.5,Isleta,7,1
2007,9/7/2007,159.5,152.5,7,Isleta,7,2
2007,9/8/2007,160,152.5,7.5,Isleta,7,3
2007,9/9/2007,161,152.5,8.5,Isleta,7,4
2007,9/10/2007,161,152.5,8.5,Isleta,7,5
2007,9/11/2007,152.5,152.5,0,Isleta,7,6
2007,9/12/2007,152.5,152.5,0,Isleta,7,7
2007,9/13/2007,152.5,152.5,0,Isleta,7,8
2007,9/14/2007,152.5,152.5,0,Isleta,7,9
2007,9/15/2007,152.5,152.5,0,Isleta,7,10
2007,9/16/2007,152.5,152.5,0,Isleta,7,11
2007,9/17/2007,152.5,152.5,0,Isleta,7,12
2007,9/18/2007,161,152.5,8.5,Isleta,7,13
2007,9/19/2007,152.5,152.5,0,Isleta,7,14
2007,9/20/2007,90.5,74,16.5,San Acacia,7,15
2007,9/29/2007,159.5,152.5,7,Isleta,8,1
2007,9/30/2007,160,152.5,7.5,Isleta,8,2
2007,10/3/2007,82.5,74,8.5,San Acacia,9,1
2007,10/4/2007,78.5,74,4.5,San Acacia,9,2
2007,10/5/2007,156,152.5,3.5,Isleta,9,3
2007,10/6/2007,82,74,8,San Acacia,9,4
2007,10/9/2007,82,74,8,San Acacia,10,1
2007,10/10/2007,81,74,7,San Acacia,10,2
2007,10/11/2007,155.5,152.5,3,Isleta,10,3
2007,10/12/2007,155.5,152.5,3,Isleta,10,4
2007,10/13/2007,155.5,152.5,3,Isleta,10,5
2007,10/14/2007,155,152.5,2.5,Isleta,10,6
2007,10/15/2007,155,152.5,2.5,Isleta,10,7
2007,10/16/2007,155,152.5,2.5,Isleta,10,8
2007,10/17/2007,155.5,152.5,3,Isleta,10,9
2007,10/18/2007,155,152.5,2.5,Isleta,10,10
2007,10/19/2007,157,152.5,4.5,Isleta,10,11
2007,10/20/2007,158,152.5,5.5,Isleta,10,12
2007,10/21/2007,159,152.5,6.5,Isleta,10,13
2007,10/22/2007,160,152.5,7.5,Isleta,10,14
2007,10/23/2007,160,152.5,7.5,Isleta,10,15
2007,10/24/2007,157,152.5,4.5,Isleta,10,16
2007,10/25/2007,159,152.5,6.5,Isleta,10,17
2007,10/26/2007,159.5,152.5,7,Isleta,10,18
2007,10/27/2007,159,152.5,6.5,Isleta,10,19
2007,10/28/2007,159,152.5,6.5,Isleta,10,20
2007,10/29/2007,158.5,152,6.5,Isleta,10,21
2007,10/30/2007,158.5,152.5,6,Isleta,10,22
2007,10/31/2007,160,152.5,7.5,Isleta,10,23
2008,8/13/2008,149.5,149.5,0,Isleta,1,1
2008,8/14/2008,149.5,149.5,0,Isleta,1,2
2008,8/15/2008,152.5,149.5,3,Isleta,1,3
2008,8/16/2008,134,130.5,3.5,Isleta,1,4
2009,7/19/2009,74,74,0,San Acacia,1,1
2009,7/20/2009,79,74,5,San Acacia,1,2
2009,7/21/2009,79.5,74,5.5,San Acacia,1,3
2009,7/22/2009,80,74,6,San Acacia,1,4
2009,7/23/2009,82,74,8,San Acacia,1,5
2009,7/24/2009,82,74,8,San Acacia,1,6
2009,7/25/2009,80,74,6,San Acacia,1,7
2009,7/26/2009,78.5,74,4.5,San Acacia,1,8
2009,7/27/2009,77.5,74,3.5,San Acacia,1,9
2009,7/28/2009,76.5,74,2.5,San Acacia,1,10
2009,8/6/2009,82,74.5,7.5,San Acacia,2,1
2009,8/7/2009,79,74.5,4.5,San Acacia,2,2
2009,8/8/2009,79.5,74.5,5,San Acacia,2,3
2009,8/9/2009,84,74.5,9.5,San Acacia,2,4
2009,8/10/2009,79,74.5,4.5,San Acacia,2,5
2009,8/11/2009,74.5,74.5,0,San Acacia,2,6
2009,8/12/2009,84,74.5,9.5,San Acacia,2,7
2009,8/13/2009,82.5,74.5,8,San Acacia,2,8
2009,8/14/2009,83,74.5,8.5,San Acacia,2,9
2009,8/15/2009,81,74.5,6.5,San Acacia,2,10
2009,8/16/2009,81,74.5,6.5,San Acacia,2,11
2009,8/17/2009,80.5,74.5,6,San Acacia,2,12
2009,8/18/2009,77.5,74.5,3,San Acacia,2,13
2009,8/21/2009,75,74.5,0.5,San Acacia,3,1
2009,8/22/2009,90,85,5,San Acacia,3,2
2009,8/23/2009,81,74.5,6.5,San Acacia,3,3
2009,8/24/2009,84,74.5,9.5,San Acacia,3,4
2009,8/25/2009,80,74.5,5.5,San Acacia,3,5
2009,9/3/2009,81.5,74.5,7,San Acacia,4,1
2009,9/4/2009,81.5,74.5,7,San Acacia,4,2
2009,9/5/2009,82,74.5,7.5,San Acacia,4,3
2009,9/6/2009,82,74.5,7.5,San Acacia,4,4
2009,9/7/2009,80.5,74.5,6,San Acacia,4,5
2009,10/4/2009,81.5,74.5,7,San Acacia,5,1
2009,10/5/2009,77,74.5,2.5,San Acacia,5,2
2009,10/6/2009,77,74.5,2.5,San Acacia,5,3
2009,10/7/2009,82,74.5,7.5,San Acacia,5,4
2009,10/8/2009,82,74.5,7.5,San Acacia,5,5
2009,10/9/2009,78,74.5,3.5,San Acacia,5,6
2009,10/10/2009,78,74.5,3.5,San Acacia,5,7
2009,10/11/2009,78,74.5,3.5,San Acacia,5,8
2009,10/12/2009,77,74.5,2.5,San Acacia,5,9
2009,10/18/2009,78,74.5,3.5,San Acacia,6,1
2010,6/28/2010,84,74,10,San Acacia,1,1
2010,7/11/2010,79.5,74,5.5,San Acacia,2,1
2010,7/12/2010,77.5,74,3.5,San Acacia,2,2
2010,7/13/2010,79,74,5,San Acacia,2,3
2010,7/14/2010,81.5,74,7.5,San Acacia,2,4
2010,7/15/2010,83.5,74,9.5,San Acacia,2,5
2010,7/16/2010,83.5,74,9.5,San Acacia,2,6
2010,7/17/2010,85,74,11,San Acacia,2,7
2010,7/18/2010,86.5,74,12.5,San Acacia,2,8
2010,7/19/2010,89,74,15,San Acacia,2,9
2010,7/20/2010,90,74,16,San Acacia,2,10
2010,7/21/2010,84.5,74,10.5,San Acacia,2,11
2010,7/22/2010,90,74,16,San Acacia,2,12
2010,7/23/2010,74,74,0,San Acacia,2,13
2010,7/24/2010,79,74,5,San Acacia,2,14
2010,8/14/2010,155,154,1,Isleta,3,1
2010,8/15/2010,155.5,154,1.5,Isleta,3,2
2010,8/16/2010,155.5,153.5,2,Isleta,3,3
2010,8/21/2010,155,154,1,Isleta,4,1
2010,8/22/2010,155.5,153.5,2,Isleta,4,2
2010,8/23/2010,156,152.5,3.5,Isleta,4,3
2010,8/27/2010,155.5,153,2.5,Isleta,5,1
2010,8/28/2010,156,152.5,3.5,Isleta,5,2
2010,8/29/2010,156.5,152.5,4,Isleta,5,3
2010,8/30/2010,78.5,74,4.5,San Acacia,5,4
2010,8/31/2010,81,74,7,San Acacia,5,5
2010,9/2/2010,81,74,7,San Acacia,6,1
2010,9/3/2010,81.5,74,7.5,San Acacia,6,2
2010,9/4/2010,79,74,5,San Acacia,6,3
2010,9/5/2010,81,74,7,San Acacia,6,4
2010,9/6/2010,84,74,10,San Acacia,6,5
2010,9/7/2010,88,74,14,San Acacia,6,6
2010,9/8/2010,90.5,74,16.5,San Acacia,6,7
2010,9/9/2010,91,74,17,San Acacia,6,8
2010,9/10/2010,91.5,74,17.5,San Acacia,6,9
2010,9/11/2010,91.5,74,17.5,San Acacia,6,10
2010,9/12/2010,91.5,74,17.5,San Acacia,6,11
2010,9/13/2010,91,74,17,San Acacia,6,12
2010,9/14/2010,90.5,74,16.5,San Acacia,6,13
2010,9/15/2010,90.5,74,16.5,San Acacia,6,14
2010,9/16/2010,90.5,74,16.5,San Acacia,6,15
2010,9/17/2010,90.5,74,16.5,San Acacia,6,16
2010,9/18/2010,90.5,74,16.5,San Acacia,6,17
2010,9/19/2010,94,74,20,San Acacia,6,18
2010,9/20/2010,94.5,74,20.5,San Acacia,6,19
2010,9/21/2010,93.5,74,19.5,San Acacia,6,20
2010,9/22/2010,91.5,74,17.5,San Acacia,6,21
2010,9/23/2010,90,74,16,San Acacia,6,22
2010,9/24/2010,81,74,7,San Acacia,6,23
2010,10/2/2010,155.5,152.5,3,Isleta,7,1
2010,10/3/2010,88,74,14,San Acacia,7,2
2010,10/4/2010,88,74,14,San Acacia,7,3
2010,10/5/2010,86,74,12,San Acacia,7,4
2010,10/6/2010,86,74,12,San Acacia,7,5
2010,10/7/2010,76.5,74,2.5,San Acacia,7,6
2010,10/8/2010,159.5,152.5,7,Isleta,7,7
2010,10/9/2010,74,74,0,San Acacia,7,8
2010,10/10/2010,89.5,74,15.5,San Acacia,7,9
2010,10/11/2010,89.5,74,15.5,San Acacia,7,10
2010,10/12/2010,89.5,74,15.5,San Acacia,7,11
2010,10/13/2010,89.5,74,15.5,San Acacia,7,12
2010,10/14/2010,89,74,15,San Acacia,7,13
2010,10/15/2010,89,74,15,San Acacia,7,14
2010,10/16/2010,86.5,74,12.5,San Acacia,7,15
2010,10/17/2010,88,74,14,San Acacia,7,16
2010,10/18/2010,89.5,74,15.5,San Acacia,7,17
2010,10/19/2010,86,74,12,San Acacia,7,18
2010,10/20/2010,86.5,74,12.5,San Acacia,7,19
2010,10/21/2010,85,74,11,San Acacia,7,20
2010,10/22/2010,83.5,74,9.5,San Acacia,7,21
2010,10/27/2010,153,152.5,0.5,Isleta,8,1
2011,4/22/2011,81.5,74,7.5,San Acacia,1,1
2011,4/23/2011,79.5,74,5.5,San Acacia,1,2
2011,4/24/2011,75,74,1,San Acacia,1,3
2011,4/25/2011,74,74,0,San Acacia,1,4
2011,6/25/2011,79,74,5,San Acacia,2,1
2011,6/26/2011,82,74,8,San Acacia,2,2
2011,6/27/2011,83,74,9,San Acacia,2,3
2011,6/28/2011,84.5,74,10.5,San Acacia,2,4
2011,6/29/2011,87,74,13,San Acacia,2,5
2011,6/30/2011,89.5,74,15.5,San Acacia,2,6
2011,7/1/2011,92.5,74,18.5,San Acacia,2,7
2011,7/2/2011,94,74,20,San Acacia,2,8
2011,7/3/2011,95.5,74,21.5,San Acacia,2,9
2011,7/4/2011,95.5,74,21.5,San Acacia,2,10
2011,7/5/2011,96.5,74,22.5,San Acacia,2,11
2011,7/6/2011,97.5,74,23.5,San Acacia,2,12
2011,7/7/2011,98,74,24,San Acacia,2,13
2011,7/8/2011,98,74,24,San Acacia,2,14
2011,7/9/2011,98,74,24,San Acacia,2,15
2011,7/10/2011,98.5,74,24.5,San Acacia,2,16
2011,7/11/2011,99,74,25,San Acacia,2,17
2011,7/12/2011,99,74,25,San Acacia,2,18
2011,7/13/2011,99,74,25,San Acacia,2,19
2011,7/14/2011,99,74,25,San Acacia,2,20
2011,7/15/2011,99,74,25,San Acacia,2,21
2011,7/16/2011,99,74,25,San Acacia,2,22
2011,7/17/2011,99,74,25,San Acacia,2,23
2011,7/18/2011,99,74,25,San Acacia,2,24
2011,7/19/2011,99,74,25,San Acacia,2,25
2011,7/20/2011,99,74,25,San Acacia,2,26
2011,7/21/2011,99,74,25,San Acacia,2,27
2011,7/22/2011,99,74,25,San Acacia,2,28
2011,7/23/2011,99,74,25,San Acacia,2,29
2011,7/24/2011,99,74,25,San Acacia,2,30
2011,7/25/2011,99,74,25,San Acacia,2,31
2011,7/26/2011,99,74,25,San Acacia,2,32
2011,7/27/2011,100.5,74,26.5,San Acacia,2,33
2011,7/30/2011,156,153,3,Isleta,3,1
2011,7/31/2011,155.5,152.5,3,Isleta,3,2
2011,8/1/2011,155,152,3,Isleta,3,3
2011,8/8/2011,157.5,152.5,5,Isleta,4,1
2011,8/9/2011,158.5,152.5,6,Isleta,4,2
2011,8/10/2011,159,152,7,Isleta,4,3
2011,8/11/2011,92.5,74,18.5,San Acacia,4,4
2011,8/12/2011,98.5,74,24.5,San Acacia,4,5
2011,8/13/2011,98.5,74,24.5,San Acacia,4,6
2011,8/14/2011,98.5,74,24.5,San Acacia,4,7
2011,8/15/2011,100,74,26,San Acacia,4,8
2011,8/16/2011,100.5,74,26.5,San Acacia,4,9
2011,8/17/2011,101,74,27,San Acacia,4,10
2011,8/18/2011,101,74,27,San Acacia,4,11
2011,8/19/2011,84,74,10,San Acacia,4,12
2011,8/20/2011,154.5,152.5,2,Isleta,4,13
2011,8/30/2011,163,152.5,10.5,Isleta,5,1
2011,9/1/2011,164,152.5,11.5,Isleta,6,1
2011,9/2/2011,165,152.5,12.5,Isleta,6,2
2011,9/3/2011,165,152.5,12.5,Isleta,6,3
2011,9/4/2011,165,152.5,12.5,Isleta,6,4
2011,9/5/2011,163.5,152.5,11,Isleta,6,5
2011,9/6/2011,165,152.5,12.5,Isleta,6,6
2011,9/7/2011,163,152.5,10.5,Isleta,6,7
2011,9/8/2011,163,152.5,10.5,Isleta,6,8
2011,9/10/2011,163,152.5,10.5,Isleta,7,1
2011,9/11/2011,163,152.5,10.5,Isleta,7,2
2011,9/13/2011,163,152.5,10.5,Isleta,8,1
2011,9/15/2011,162.5,152.5,10,Isleta,9,1
2011,9/16/2011,159.5,152.5,7,Isleta,9,2
2011,9/17/2011,162,152.5,9.5,Isleta,9,3
2011,9/18/2011,160,152.5,7.5,Isleta,9,4
2011,9/19/2011,159,152.5,6.5,Isleta,9,5
2011,9/20/2011,162,152.5,9.5,Isleta,9,6
2011,9/21/2011,162,152.5,9.5,Isleta,9,7
2011,9/22/2011,162,152.5,9.5,Isleta,9,8
2011,9/23/2011,162,152.5,9.5,Isleta,9,9
2011,9/24/2011,162.5,152.5,10,Isleta,9,10
2011,9/25/2011,162.5,152.5,10,Isleta,9,11
2011,9/27/2011,79,77.5,1.5,San Acacia,10,1
2011,9/28/2011,84,74,10,San Acacia,10,2
2011,9/29/2011,93.5,74,19.5,San Acacia,10,3
2011,9/30/2011,93.5,74,19.5,San Acacia,10,4
2011,10/1/2011,94,74,20,San Acacia,10,5
2011,10/2/2011,94.5,74,20.5,San Acacia,10,6
2011,10/3/2011,94.5,74,20.5,San Acacia,10,7
2011,10/4/2011,94,74,20,San Acacia,10,8
2011,10/5/2011,94.5,74,20.5,San Acacia,10,9
2011,10/6/2011,155,152,3,Isleta,10,10
2011,10/7/2011,155,152.5,2.5,Isleta,10,11
2011,10/8/2011,153.5,152.5,1,Isleta,10,12
2011,10/18/2011,154.5,153.5,1,Isleta,11,1
2011,10/19/2011,162,152.5,9.5,Isleta,11,2
2011,10/20/2011,161,152.5,8.5,Isleta,11,3
2011,10/21/2011,161,152.5,8.5,Isleta,11,4
2011,10/22/2011,87,74,13,San Acacia,11,5
2011,10/23/2011,84.5,74,10.5,San Acacia,11,6
2011,10/24/2011,87,74,13,San Acacia,11,7
2011,10/25/2011,87,74,13,San Acacia,11,8
2011,10/26/2011,86.5,74,12.5,San Acacia,11,9
2011,10/27/2011,86.5,74,12.5,San Acacia,11,10
2011,10/28/2011,84,74,10,San Acacia,11,11
2011,10/29/2011,83.5,74,9.5,San Acacia,11,12
2011,10/30/2011,79.5,74,5.5,San Acacia,11,13
2011,10/31/2011,78.5,74,4.5,San Acacia,11,14
2012,6/16/2012,81.5,74,7.5,San Acacia,1,1
2012,6/17/2012,81.5,74,7.5,San Acacia,1,2
2012,6/18/2012,81.5,74,7.5,San Acacia,1,3
2012,6/19/2012,83,74,9,San Acacia,1,4
2012,6/20/2012,84,74,10,San Acacia,1,5
2012,6/21/2012,86.5,74,12.5,San Acacia,1,6
2012,6/22/2012,85.5,74,11.5,San Acacia,1,7
2012,6/23/2012,89,74,15,San Acacia,1,8
2012,6/24/2012,89.5,74,15.5,San Acacia,1,9
2012,6/25/2012,91,74,17,San Acacia,1,10
2012,6/26/2012,91,74,17,San Acacia,1,11
2012,6/27/2012,91.5,74,17.5,San Acacia,1,12
2012,6/28/2012,93,74,19,San Acacia,1,13
2012,6/29/2012,94.5,74,20.5,San Acacia,1,14
2012,6/30/2012,96,74,22,San Acacia,1,15
2012,7/1/2012,96,74,22,San Acacia,1,16
2012,7/2/2012,96.5,74,22.5,San Acacia,1,17
2012,7/3/2012,97.5,74,23.5,San Acacia,1,18
2012,7/4/2012,98,74,24,San Acacia,1,19
2012,7/5/2012,98,74,24,San Acacia,1,20
2012,7/6/2012,98,74,24,San Acacia,1,21
2012,7/7/2012,94,74,20,San Acacia,1,22
2012,7/8/2012,96,74,22,San Acacia,1,23
2012,7/9/2012,94.5,74,20.5,San Acacia,1,24
2012,7/11/2012,154,153.5,0.5,Isleta,2,1
2012,7/15/2012,153.5,153.5,0,Isleta,3,1
2012,7/16/2012,156.5,152.5,4,Isleta,3,2
2012,7/17/2012,157.5,152,5.5,Isleta,3,3
2012,7/18/2012,158.5,152.5,6,Isleta,3,4
2012,7/19/2012,158.5,152,6.5,Isleta,3,5
2012,7/20/2012,81.5,74,7.5,San Acacia,3,6
2012,7/21/2012,90,74,16,San Acacia,3,7
2012,7/22/2012,96,74,22,San Acacia,3,8
2012,7/23/2012,96,74,22,San Acacia,3,9
2012,7/24/2012,98.5,74,24.5,San Acacia,3,10
2012,7/25/2012,99,74,25,San Acacia,3,11
2012,7/26/2012,101.5,74,27.5,San Acacia,3,12
2012,7/27/2012,101.5,74,27.5,San Acacia,3,13
2012,7/28/2012,101.5,74,27.5,San Acacia,3,14
2012,7/29/2012,101.5,74,27.5,San Acacia,3,15
2012,7/30/2012,103,74,29,San Acacia,3,16
2012,7/31/2012,99,74,25,San Acacia,3,17
2012,8/1/2012,74,74,0,San Acacia,3,18
2012,8/2/2012,92.5,74,18.5,San Acacia,3,19
2012,8/3/2012,93,74,19,San Acacia,3,20
2012,8/4/2012,102,74,28,San Acacia,3,21
2012,8/5/2012,87,74,13,San Acacia,3,22
2012,8/6/2012,77,74,3,San Acacia,3,23
2012,8/7/2012,103,74,29,San Acacia,3,24
2012,8/8/2012,104,74,30,San Acacia,3,25
2012,8/9/2012,104.5,74,30.5,San Acacia,3,26
2012,8/10/2012,105.5,74,31.5,San Acacia,3,27
2012,8/11/2012,105.5,74,31.5,San Acacia,3,28
2012,8/12/2012,105.5,74,31.5,San Acacia,3,29
2012,8/13/2012,105.5,74,31.5,San Acacia,3,30
2012,8/14/2012,105.5,74,31.5,San Acacia,3,31
2012,8/15/2012,105.5,74,31.5,San Acacia,3,32
2012,8/16/2012,105.5,74,31.5,San Acacia,3,33
2012,8/17/2012,105.5,74,31.5,San Acacia,3,34
2012,8/18/2012,105.5,74,31.5,San Acacia,3,35
2012,8/19/2012,99,74,25,San Acacia,3,36
2012,8/20/2012,105,74,31,San Acacia,3,37
2012,8/21/2012,102.5,74,28.5,San Acacia,3,38
2012,8/22/2012,97.5,74,23.5,San Acacia,3,39
2012,8/23/2012,90,74,16,San Acacia,3,40
2012,8/24/2012,84,74,10,San Acacia,3,41
2012,8/25/2012,165,152.5,12.5,Isleta,3,42
2012,8/26/2012,165,152.5,12.5,Isleta,3,43
2012,8/27/2012,165,152.5,12.5,Isleta,3,44
2012,8/28/2012,165.5,152.5,13,Isleta,3,45
2012,8/29/2012,134,133.5,0.5,Isleta,3,46
2012,8/30/2012,137,133,4,Isleta,3,47
2012,8/31/2012,77,74,3,San Acacia,3,48
2012,9/1/2012,87,74,13,San Acacia,3,49
2012,9/2/2012,94,74,20,San Acacia,3,50
2012,9/3/2012,96,74,22,San Acacia,3,51
2012,9/4/2012,96.5,74,22.5,San Acacia,3,52
2012,9/5/2012,98,74,24,San Acacia,3,53
2012,9/6/2012,98,74,24,San Acacia,3,54
2012,9/7/2012,98.5,74,24.5,San Acacia,3,55
2012,9/8/2012,104,74,30,San Acacia,3,56
2012,9/9/2012,104,74,30,San Acacia,3,57
2012,9/10/2012,104,74,30,San Acacia,3,58
2012,9/11/2012,104,74,30,San Acacia,3,59
2012,9/12/2012,104,74,30,San Acacia,3,60
2012,9/13/2012,164.5,152,12.5,Isleta,3,61
2012,9/14/2012,164.5,152.5,12,Isleta,3,62
2012,9/15/2012,135.5,133,2.5,Isleta,3,63
2012,9/16/2012,164.5,151.5,13,Isleta,3,64
2012,9/17/2012,137,133,4,Isleta,3,65
2012,9/18/2012,87,74,13,San Acacia,3,66
2012,9/19/2012,99,74,25,San Acacia,3,67
2012,9/20/2012,98,74,24,San Acacia,3,68
2012,9/21/2012,99,74,25,San Acacia,3,69
2012,9/22/2012,98,74,24,San Acacia,3,70
2012,9/23/2012,100,74,26,San Acacia,3,71
2012,9/24/2012,100,74,26,San Acacia,3,72
2012,9/25/2012,100,74,26,San Acacia,3,73
2012,9/26/2012,100,74,26,San Acacia,3,74
2012,9/27/2012,100,74,26,San Acacia,3,75
2012,9/28/2012,100,74,26,San Acacia,3,76
2012,9/29/2012,100.5,74,26.5,San Acacia,3,77
2012,9/30/2012,100.5,74,26.5,San Acacia,3,78
2012,10/1/2012,100.5,74,26.5,San Acacia,3,79
2012,10/2/2012,100.5,74,26.5,San Acacia,3,80
2012,10/3/2012,100.5,74,26.5,San Acacia,3,81
2012,10/4/2012,100.5,74,26.5,San Acacia,3,82
2012,10/5/2012,100.5,74,26.5,San Acacia,3,83
2012,10/6/2012,100.5,74,26.5,San Acacia,3,84
2012,10/7/2012,100.5,74,26.5,San Acacia,3,85
2012,10/8/2012,100.5,74,26.5,San Acacia,3,86
2012,10/9/2012,100.5,74,26.5,San Acacia,3,87
2012,10/10/2012,100.5,74,26.5,San Acacia,3,88
2012,10/11/2012,100.5,74,26.5,San Acacia,3,89
2012,10/12/2012,100.5,74,26.5,San Acacia,3,90
2012,10/13/2012,99.5,74,25.5,San Acacia,3,91
2012,10/14/2012,99.5,74,25.5,San Acacia,3,92
2012,10/15/2012,99.5,74,25.5,San Acacia,3,93
2012,10/16/2012,87.5,74,13.5,San Acacia,3,94
2012,10/17/2012,86,74,12,San Acacia,3,95
2012,10/18/2012,92.5,74,18.5,San Acacia,3,96
2012,10/19/2012,92.5,74,18.5,San Acacia,3,97
2012,10/20/2012,92.5,74,18.5,San Acacia,3,98
2012,10/21/2012,91,74,17,San Acacia,3,99
2012,10/22/2012,91,74,17,San Acacia,3,100
2012,10/23/2012,91,74,17,San Acacia,3,101
2012,10/24/2012,90,74,16,San Acacia,3,102
2012,10/25/2012,88,74,14,San Acacia,3,103
2012,10/26/2012,87.5,74,13.5,San Acacia,3,104
2012,10/27/2012,87.5,74,13.5,San Acacia,3,105
2012,10/28/2012,87.5,74,13.5,San Acacia,3,106
2012,10/29/2012,87.5,74,13.5,San Acacia,3,107
2012,10/30/2012,87,74,13,San Acacia,3,108
2012,10/31/2012,87,74,13,San Acacia,3,109
2013,6/3/2013,77,74,3,San Acacia,1,1
2013,6/4/2013,78,74,4,San Acacia,1,2
2013,6/5/2013,81.5,74,7.5,San Acacia,1,3
2013,6/6/2013,83,74,9,San Acacia,1,4
2013,6/7/2013,83.5,74,9.5,San Acacia,1,5
2013,6/8/2013,84,74,10,San Acacia,1,6
2013,6/9/2013,85.5,74,11.5,San Acacia,1,7
2013,6/10/2013,87,74,13,San Acacia,1,8
2013,6/11/2013,88.5,74,14.5,San Acacia,1,9
2013,6/12/2013,88,74,14,San Acacia,1,10
2013,6/13/2013,89,74,15,San Acacia,1,11
2013,6/14/2013,90,74,16,San Acacia,1,12
2013,6/15/2013,91,74,17,San Acacia,1,13
2013,6/16/2013,93,74,19,San Acacia,1,14
2013,6/17/2013,93,74,19,San Acacia,1,15
2013,6/18/2013,93.5,74,19.5,San Acacia,1,16
2013,6/19/2013,94.5,74,20.5,San Acacia,1,17
2013,6/20/2013,95,74,21,San Acacia,1,18
2013,6/21/2013,96,74,22,San Acacia,1,19
2013,6/22/2013,96,74,22,San Acacia,1,20
2013,6/23/2013,97,74,23,San Acacia,1,21
2013,6/24/2013,97.5,74,23.5,San Acacia,1,22
2013,6/25/2013,97.5,74,23.5,San Acacia,1,23
2013,6/26/2013,98,74,24,San Acacia,1,24
2013,6/27/2013,98,74,24,San Acacia,1,25
2013,6/28/2013,98.5,74,24.5,San Acacia,1,26
2013,6/29/2013,99,74,25,San Acacia,1,27
2013,6/30/2013,99,74,25,San Acacia,1,28
2013,7/1/2013,98.5,74,24.5,San Acacia,1,29
2013,7/2/2013,98.5,74,24.5,San Acacia,1,30
2013,7/3/2013,85,74,11,San Acacia,1,31
2013,7/4/2013,97,74,23,San Acacia,1,32
2013,7/5/2013,86.5,74,12.5,San Acacia,1,33
2013,7/6/2013,84,74,10,San Acacia,1,34
2013,7/7/2013,98.5,74,24.5,San Acacia,1,35
2013,7/8/2013,98.5,74,24.5,San Acacia,1,36
2013,7/9/2013,94,74,20,San Acacia,1,37
2013,7/10/2013,157.5,152,5.5,Isleta,1,38
2013,7/11/2013,87.5,74,13.5,San Acacia,1,39
2013,7/12/2013,158,152.5,5.5,Isleta,1,40
2013,7/13/2013,157.5,152.5,5,Isleta,1,41
2013,7/14/2013,157.5,152.5,5,Isleta,1,42
2013,7/15/2013,156,152.5,3.5,Isleta,1,43
2013,7/16/2013,156,152.5,3.5,Isleta,1,44
2013,7/17/2013,156,152.5,3.5,Isleta,1,45
2013,7/18/2013,156,152.5,3.5,Isleta,1,46
2013,7/19/2013,155.5,152.5,3,Isleta,1,47
2013,7/20/2013,155.5,152,3.5,Isleta,1,48
2013,7/23/2013,158,158,0,Isleta,2,1
2013,7/24/2013,155.5,152.5,3,Isleta,2,2
2013,7/25/2013,154.5,152.5,2,Isleta,2,3
2013,7/26/2013,154,152.5,1.5,Isleta,2,4
2013,8/9/2013,153.5,153.5,0,Isleta,3,1
2013,8/15/2013,156,153,3,Isleta,4,1
2013,8/16/2013,157.5,153,4.5,Isleta,4,2
2013,8/17/2013,157.5,153,4.5,Isleta,4,3
2013,8/18/2013,157,152,5,Isleta,4,4
2013,8/19/2013,157.5,152,5.5,Isleta,4,5
2013,8/20/2013,157.5,152,5.5,Isleta,4,6
2013,8/21/2013,84,74,10,San Acacia,4,7
2013,8/22/2013,86.5,74,12.5,San Acacia,4,8
2013,8/23/2013,94.5,74,20.5,San Acacia,4,9
2013,8/24/2013,94.5,74,20.5,San Acacia,4,10
2013,8/25/2013,94.5,74,20.5,San Acacia,4,11
2013,8/26/2013,94.5,74,20.5,San Acacia,4,12
2013,8/27/2013,133.5,133.5,0,Isleta,4,13
2013,8/28/2013,133.5,133.5,0,Isleta,4,14
2013,8/29/2013,133.5,133,0.5,Isleta,4,15
2013,8/30/2013,133.5,133,0.5,Isleta,4,16
2013,8/31/2013,83.5,74,9.5,San Acacia,4,17
2013,9/1/2013,89,74,15,San Acacia,4,18
2013,9/2/2013,92.5,74,18.5,San Acacia,4,19
2013,9/3/2013,89,74,15,San Acacia,4,20
2013,9/4/2013,91.5,74,17.5,San Acacia,4,21
2013,9/5/2013,97.5,74,23.5,San Acacia,4,22
2013,9/6/2013,97.5,74,23.5,San Acacia,4,23
2013,9/7/2013,87.5,74,13.5,San Acacia,4,24
2013,9/8/2013,135.5,133,2.5,Isleta,4,25
2013,9/9/2013,135.5,133,2.5,Isleta,4,26
2013,9/10/2013,135.5,133,2.5,Isleta,4,27
2013,9/11/2013,156,152,4,Isleta,4,28
2014,6/19/2014,74.5,74,0.5,San Acacia,1,1
2014,6/20/2014,75.5,74,1.5,San Acacia,1,2
2014,6/21/2014,80,74,6,San Acacia,1,3
2014,6/22/2014,80,74,6,San Acacia,1,4
2014,6/23/2014,82,74,8,San Acacia,1,5
2014,6/24/2014,83.5,74,9.5,San Acacia,1,6
2014,6/25/2014,85.5,74,11.5,San Acacia,1,7
2014,6/26/2014,86.5,74,12.5,San Acacia,1,8
2014,6/27/2014,88,74,14,San Acacia,1,9
2014,6/28/2014,89.5,74,15.5,San Acacia,1,10
2014,6/29/2014,90,74,16,San Acacia,1,11
2014,6/30/2014,91,74,17,San Acacia,1,12
2014,7/1/2014,92,74,18,San Acacia,1,13
2014,7/2/2014,93,74,19,San Acacia,1,14
2014,7/3/2014,93.5,74,19.5,San Acacia,1,15
2014,7/4/2014,94,74,20,San Acacia,1,16
2014,7/5/2014,95,74,21,San Acacia,1,17
2014,7/6/2014,93.5,74,19.5,San Acacia,1,18
2014,7/7/2014,91.5,74,17.5,San Acacia,1,19
2014,7/8/2014,89.5,74,15.5,San Acacia,1,20
2014,7/9/2014,87,74,13,San Acacia,1,21
2014,7/10/2014,86,74,12,San Acacia,1,22
2014,7/11/2014,89,74,15,San Acacia,1,23
2014,7/26/2014,76.5,74,2.5,San Acacia,2,1
2014,7/27/2014,79.5,74,5.5,San Acacia,2,2
2014,7/28/2014,88,84,4,San Acacia,2,3
2014,7/29/2014,88,84,4,San Acacia,2,4
2014,7/30/2014,90,74,16,San Acacia,2,5
2014,9/6/2014,84,74,10,San Acacia,3,1
2014,9/7/2014,84.5,74,10.5,San Acacia,3,2
2014,9/8/2014,86.5,74,12.5,San Acacia,3,3
2014,9/9/2014,86.5,74,12.5,San Acacia,3,4
2014,9/10/2014,93.5,74,19.5,San Acacia,3,5
2014,9/11/2014,93.5,74,19.5,San Acacia,3,6
2014,9/12/2014,93.5,74,19.5,San Acacia,3,7
2014,9/13/2014,94.5,74,20.5,San Acacia,3,8
2014,9/14/2014,95.5,74,21.5,San Acacia,3,9
2014,9/15/2014,95.5,74,21.5,San Acacia,3,10
2014,9/16/2014,154,152.5,1.5,Isleta,3,11
2014,9/25/2014,153,152.5,0.5,Isleta,4,1
2014,9/26/2014,154.5,152.5,2,Isleta,4,2
2014,9/27/2014,155,152,3,Isleta,4,3
2014,9/28/2014,154.5,152.5,2,Isleta,4,4
2014,9/29/2014,154.5,152.5,2,Isleta,4,5
2014,9/30/2014,154.5,152.5,2,Isleta,4,6
2014,10/1/2014,154.5,152.5,2,Isleta,4,7
2014,10/2/2014,154.5,152.5,2,Isleta,4,8
2014,10/3/2014,154.5,152.5,2,Isleta,4,9
2014,10/4/2014,154.5,152.5,2,Isleta,4,10
2014,10/5/2014,154.5,152.5,2,Isleta,4,11
2014,10/6/2014,76.5,74,2.5,San Acacia,4,12
2014,10/7/2014,76.5,74,2.5,San Acacia,4,13
2014,10/8/2014,79,74,5,San Acacia,4,14
2014,10/9/2014,78.5,74,4.5,San Acacia,4,15
2014,10/10/2014,154.5,152.5,2,Isleta,4,16
2014,10/11/2014,154.5,152.5,2,Isleta,4,17
2015,9/10/2015,153,153,0,Isleta,1,1
2015,9/11/2015,153.5,152.5,1,Isleta,1,2
2015,9/12/2015,87.5,84.5,3,San Acacia,1,3
2015,9/13/2015,90.5,90.5,0,San Acacia,1,4
2015,9/14/2015,89.5,84.5,5,San Acacia,1,5
2015,9/15/2015,92,92,0,San Acacia,1,6
2015,9/16/2015,94.5,94.5,0,San Acacia,1,7
2015,9/17/2015,94.5,94.5,0,San Acacia,1,8
2015,9/18/2015,94.5,94.5,0,San Acacia,1,9
2015,9/19/2015,75.5,74,1.5,San Acacia,1,10
2015,9/20/2015,75.5,74,1.5,San Acacia,1,11
2015,9/21/2015,75.5,74,1.5,San Acacia,1,12
2015,9/22/2015,75.5,74,1.5,San Acacia,1,13
2015,9/23/2015,75.5,74,1.5,San Acacia,1,14
2015,9/24/2015,75.5,74,1.5,San Acacia,1,15
2015,9/25/2015,75.5,74,1.5,San Acacia,1,16
2015,9/26/2015,75.5,74,1.5,San Acacia,1,17
2015,9/27/2015,75.5,74,1.5,San Acacia,1,18
2015,9/28/2015,75.5,74,1.5,San Acacia,1,19
2015,9/29/2015,75.5,74,1.5,San Acacia,1,20
2015,9/30/2015,75.5,74,1.5,San Acacia,1,21
2015,10/1/2015,75.5,74,1.5,San Acacia,1,22
2015,10/2/2015,75.5,74,1.5,San Acacia,1,23
2015,10/3/2015,75.5,74,1.5,San Acacia,1,24
2015,10/4/2015,75.5,74,1.5,San Acacia,1,25
2015,10/5/2015,75.5,74,1.5,San Acacia,1,26
2015,10/6/2015,75.5,74,1.5,San Acacia,1,27
2015,10/7/2015,75.5,74,1.5,San Acacia,1,28
2015,10/8/2015,75.5,74,1.5,San Acacia,1,29
2015,10/9/2015,75.5,74,1.5,San Acacia,1,30
2015,10/10/2015,155.5,152.5,3,Isleta,1,31
2015,10/11/2015,155.5,152.5,3,Isleta,1,32
2015,10/12/2015,155.5,152.5,3,Isleta,1,33
2015,10/13/2015,155.5,152.5,3,Isleta,1,34
2015,10/14/2015,155.5,152.5,3,Isleta,1,35
2015,10/15/2015,155.5,152.5,3,Isleta,1,36
2015,10/16/2015,155.5,152.5,3,Isleta,1,37
2015,10/17/2015,156.5,152.5,4,Isleta,1,38
2015,10/18/2015,86.5,84.5,2,San Acacia,1,39
2015,10/19/2015,156,152.5,3.5,Isleta,1,40
2015,10/20/2015,156,152.5,3.5,Isleta,1,41
2015,10/21/2015,154.5,152.5,2,Isleta,1,42
2016,7/12/2016,80.5,74,6.5,San Acacia,1,1
2016,7/13/2016,82,74,8,San Acacia,1,2
2016,7/14/2016,83,74,9,San Acacia,1,3
2016,7/15/2016,86,74,12,San Acacia,1,4
2016,7/16/2016,88,74,14,San Acacia,1,5
2016,7/17/2016,90,74,16,San Acacia,1,6
2016,7/18/2016,91,74,17,San Acacia,1,7
2016,7/19/2016,91,74,17,San Acacia,1,8
2016,7/20/2016,92,74,18,San Acacia,1,9
2016,7/21/2016,90,74,16,San Acacia,1,10
2016,7/22/2016,90,74,16,San Acacia,1,11
2016,7/23/2016,90,74,16,San Acacia,1,12
2016,7/24/2016,90,74,16,San Acacia,1,13
2016,7/25/2016,90,74,16,San Acacia,1,14
2016,7/26/2016,90,74,16,San Acacia,1,15
2016,7/27/2016,92,74,18,San Acacia,1,16
2016,7/28/2016,92,74,18,San Acacia,1,17
2016,7/29/2016,92,74,18,San Acacia,1,18
2016,7/30/2016,91.5,74,17.5,San Acacia,1,19
2016,7/31/2016,91.5,74,17.5,San Acacia,1,20
2016,8/1/2016,94,74,20,San Acacia,1,21
2016,8/2/2016,83,74,9,San Acacia,1,22
2016,8/3/2016,80,74,6,San Acacia,1,23
2016,8/4/2016,80,74,6,San Acacia,1,24
2016,8/5/2016,80,74,6,San Acacia,1,25
2016,8/31/2016,153.5,153,0.5,Isleta,2,1
2016,9/1/2016,154.5,154.5,0,Isleta,2,2
2016,9/2/2016,156,152.5,3.5,Isleta,2,3
2016,9/3/2016,157,152.5,4.5,Isleta,2,4
2016,9/4/2016,156.5,152.5,4,Isleta,2,5
2016,9/5/2016,157,152.5,4.5,Isleta,2,6
2016,9/6/2016,85,74,11,San Acacia,2,7
2016,9/7/2016,82,74,8,San Acacia,2,8
2016,9/8/2016,155,152.5,2.5,Isleta,2,9
2016,9/9/2016,83,74,9,San Acacia,2,10
2016,9/10/2016,83,74,9,San Acacia,2,11
2016,9/11/2016,84,74,10,San Acacia,2,12
2016,9/12/2016,81.5,74,7.5,San Acacia,2,13
2016,9/13/2016,81,74,7,San Acacia,2,14
2016,9/14/2016,82.5,74,8.5,San Acacia,2,15
2016,9/15/2016,81.5,74,7.5,San Acacia,2,16
2016,9/16/2016,81.5,74,7.5,San Acacia,2,17
2016,9/17/2016,81.5,74,7.5,San Acacia,2,18
2016,9/18/2016,80,74,6,San Acacia,2,19
2016,9/19/2016,82,74,8,San Acacia,2,20
2016,9/20/2016,82,74,8,San Acacia,2,21
2016,9/21/2016,82,74,8,San Acacia,2,22
2016,9/22/2016,82,74,8,San Acacia,2,23
2016,9/23/2016,82,74,8,San Acacia,2,24
2016,9/24/2016,84,74,10,San Acacia,2,25
2016,9/25/2016,87.5,74,13.5,San Acacia,2,26
2016,9/26/2016,87,74,13,San Acacia,2,27
2016,9/30/2016,78.5,74,4.5,San Acacia,3,1
2016,10/1/2016,78,74,4,San Acacia,3,2
2016,10/2/2016,80.5,74,6.5,San Acacia,3,3
2016,10/3/2016,80.5,74,6.5,San Acacia,3,4
2016,10/4/2016,81.5,74,7.5,San Acacia,3,5
2016,10/5/2016,81.5,74,7.5,San Acacia,3,6
2016,10/6/2016,81,74,7,San Acacia,3,7
2016,10/7/2016,81,74,7,San Acacia,3,8
2016,10/8/2016,81,74,7,San Acacia,3,9
2016,10/9/2016,81,74,7,San Acacia,3,10
2016,10/12/2016,155,151.5,3.5,Isleta,4,1
2016,10/13/2016,156,151.5,4.5,Isleta,4,2
2016,10/14/2016,156,151.5,4.5,Isleta,4,3
2016,10/15/2016,156,152,4,Isleta,4,4
2016,10/16/2016,77.5,74,3.5,San Acacia,4,5
2016,10/17/2016,74,74,0,San Acacia,4,6
2016,10/18/2016,156,152.5,3.5,Isleta,4,7
2016,10/19/2016,74,74,0,San Acacia,4,8
2016,10/20/2016,156,152.5,3.5,Isleta,4,9
2016,10/21/2016,156,152.5,3.5,Isleta,4,10
2016,10/22/2016,74,74,0,San Acacia,4,11
2016,10/23/2016,74.5,74,0.5,San Acacia,4,12
2016,10/24/2016,76.5,74,2.5,San Acacia,4,13
2016,10/25/2016,74,74,0,San Acacia,4,14
2016,10/26/2016,156,153,3,Isleta,4,15
2016,10/27/2016,156,153,3,Isleta,4,16
2016,10/28/2016,75,75,0,San Acacia,4,17
2016,10/29/2016,74,74,0,San Acacia,4,18
2016,10/30/2016,78.5,74,4.5,San Acacia,4,19
2016,10/31/2016,76,74,2,San Acacia,4,20
2017,7/9/2017,80.6,79.2,1.4,San Acacia,1,1
2017,7/10/2017,81.5,79.2,2.3,San Acacia,1,2
2017,7/11/2017,83.2,79.2,4,San Acacia,1,3
2017,7/12/2017,83.5,76.4,7.1,San Acacia,1,4
2017,7/13/2017,85,77.2,7.8,San Acacia,1,5
2017,7/14/2017,85.5,76.2,9.3,San Acacia,1,6
2017,7/15/2017,85.8,76.2,9.6,San Acacia,1,7
2017,7/16/2017,85.1,76.2,8.9,San Acacia,1,8
2017,7/17/2017,87.8,76.2,11.6,San Acacia,1,9
2017,7/18/2017,88.9,76.2,12.7,San Acacia,1,10
2017,7/19/2017,88.7,76.2,12.5,San Acacia,1,11
2017,7/20/2017,88.9,76.2,12.7,San Acacia,1,12
2017,7/21/2017,88.8,76.2,12.6,San Acacia,1,13
2017,7/22/2017,88.6,76.2,12.4,San Acacia,1,14
2017,7/23/2017,83.2,76.2,7,San Acacia,1,15
2017,7/24/2017,84.9,76.2,8.7,San Acacia,1,16
2017,7/25/2017,86.3,73.9,12.4,San Acacia,1,17
2017,7/26/2017,87.9,73.9,14,San Acacia,1,18
2017,7/27/2017,87.2,73.9,13.3,San Acacia,1,19
2017,7/28/2017,89,73.9,15.1,San Acacia,1,20
2017,7/29/2017,89.6,73.9,15.7,San Acacia,1,21
2017,7/30/2017,81.9,73.9,8,San Acacia,1,22
2017,7/31/2017,75.6,73.9,1.7,San Acacia,1,23
2017,8/20/2017,82,79.1,2.9,San Acacia,2,1
2017,8/21/2017,82.1,73.8,8.3,San Acacia,2,2
2017,8/22/2017,80.4,73.8,6.6,San Acacia,2,3
2017,8/23/2017,83.3,73.8,9.5,San Acacia,2,4
2017,8/24/2017,75.2,73.8,1.4,San Acacia,2,5
2017,8/25/2017,78.8,73.8,5,San Acacia,2,6
2017,8/26/2017,79.9,73.8,6.1,San Acacia,2,7
2017,8/27/2017,82,73.8,8.2,San Acacia,2,8
2017,8/28/2017,82.8,73.8,9,San Acacia,2,9
2017,8/29/2017,80.4,73.8,6.6,San Acacia,2,10
2017,8/30/2017,77.1,73.8,3.3,San Acacia,2,11
2017,8/31/2017,80.4,73.8,6.6,San Acacia,2,12
2017,9/1/2017,80.5,73.8,6.7,San Acacia,2,13
2017,9/2/2017,79.9,73.8,6.1,San Acacia,2,14
2017,9/3/2017,81.5,73.8,7.7,San Acacia,2,15
2017,9/4/2017,81.6,73.8,7.8,San Acacia,2,16
2017,9/5/2017,81.2,73.8,7.4,San Acacia,2,17
2017,9/6/2017,81.3,73.8,7.5,San Acacia,2,18
2017,9/7/2017,84.8,73.8,11,San Acacia,2,19
2017,9/8/2017,86,73.8,12.2,San Acacia,2,20
2017,9/9/2017,89.3,73.8,15.5,San Acacia,2,21
2017,9/10/2017,91.7,73.8,17.9,San Acacia,2,22
2017,9/11/2017,94.1,73.8,20.3,San Acacia,2,23
2017,9/12/2017,95.1,73.8,21.3,San Acacia,2,24
2017,9/13/2017,95.1,73.8,21.3,San Acacia,2,25
2017,9/14/2017,94.5,73.8,20.7,San Acacia,2,26
2017,9/15/2017,94.5,73.8,20.7,San Acacia,2,27
2017,9/16/2017,94.2,73.8,20.4,San Acacia,2,28
2017,9/17/2017,93.8,73.8,20,San Acacia,2,29
2017,9/18/2017,93.5,73.8,19.7,San Acacia,2,30
2017,9/19/2017,93.3,73.8,19.5,San Acacia,2,31
2017,9/20/2017,93.2,73.8,19.4,San Acacia,2,32
2017,9/21/2017,93.4,73.8,19.6,San Acacia,2,33
2017,9/22/2017,92.8,73.8,19,San Acacia,2,34
2017,9/23/2017,92.7,73.8,18.9,San Acacia,2,35
2017,9/24/2017,92.7,73.8,18.9,San Acacia,2,36
2017,9/25/2017,92.6,73.8,18.8,San Acacia,2,37
2017,9/26/2017,92.5,73.8,18.7,San Acacia,2,38
2017,9/27/2017,92.3,73.8,18.5,San Acacia,2,39
2017,9/28/2017,86.1,73.8,12.3,San Acacia,2,40
2018,4/1/2018,74.5,74,0.5,San Acacia,1,1
2018,4/2/2018,76.3,74,2.3,San Acacia,1,2
2018,4/3/2018,77.4,74,3.4,San Acacia,1,3
2018,4/4/2018,81.8,74,7.8,San Acacia,1,4
2018,4/5/2018,83.1,74,9.1,San Acacia,1,5
2018,4/6/2018,83.1,74,9.1,San Acacia,1,6
2018,4/7/2018,83.9,74,9.9,San Acacia,1,7
2018,4/8/2018,85.8,74,11.8,San Acacia,1,8
2018,4/9/2018,86.9,74,12.9,San Acacia,1,9
2018,4/10/2018,88,74,14,San Acacia,1,10
2018,4/11/2018,88.2,74,14.2,San Acacia,1,11
2018,4/12/2018,88.8,74,14.8,San Acacia,1,12
2018,4/13/2018,89.1,74,15.1,San Acacia,1,13
2018,4/14/2018,89.1,74,15.1,San Acacia,1,14
2018,4/15/2018,88.5,74,14.5,San Acacia,1,15
2018,4/16/2018,88.8,74,14.8,San Acacia,1,16
2018,4/17/2018,88.8,74,14.8,San Acacia,1,17
2018,4/18/2018,89.1,74,15.1,San Acacia,1,18
2018,4/19/2018,89,74,15,San Acacia,1,19
2018,4/20/2018,89.6,74,15.6,San Acacia,1,20
2018,4/21/2018,89.3,74,15.3,San Acacia,1,21
2018,4/22/2018,89.2,74,15.2,San Acacia,1,22
2018,4/23/2018,89.1,74,15.1,San Acacia,1,23
2018,4/24/2018,88.8,74,14.8,San Acacia,1,24
2018,4/25/2018,89.6,74,15.6,San Acacia,1,25
2018,4/26/2018,89.7,74,15.7,San Acacia,1,26
2018,4/27/2018,90.8,74,16.8,San Acacia,1,27
2018,4/28/2018,91.5,74,17.5,San Acacia,1,28
2018,4/29/2018,92.1,74,18.1,San Acacia,1,29
2018,4/30/2018,92.9,74,18.9,San Acacia,1,30
2018,5/1/2018,93,74,19,San Acacia,1,31
2018,5/2/2018,93.2,74,19.2,San Acacia,1,32
2018,5/3/2018,93.1,74,19.1,San Acacia,1,33
2018,5/4/2018,92.9,74,18.9,San Acacia,1,34
2018,5/5/2018,93.1,74,19.1,San Acacia,1,35
2018,5/6/2018,93.1,74,19.1,San Acacia,1,36
2018,5/7/2018,93.1,74,19.1,San Acacia,1,37
2018,5/8/2018,93.2,74,19.2,San Acacia,1,38
2018,5/9/2018,93.3,74,19.3,San Acacia,1,39
2018,5/10/2018,93.5,74,19.5,San Acacia,1,40
2018,5/11/2018,93.7,74,19.7,San Acacia,1,41
2018,5/12/2018,93.8,74,19.8,San Acacia,1,42
2018,5/13/2018,94,74,20,San Acacia,1,43
2018,5/14/2018,94,74,20,San Acacia,1,44
2018,5/15/2018,93.9,74,19.9,San Acacia,1,45
2018,5/16/2018,94,74,20,San Acacia,1,46
2018,5/17/2018,94.3,74,20.3,San Acacia,1,47
2018,5/18/2018,94.5,74,20.5,San Acacia,1,48
2018,5/19/2018,94.3,74,20.3,San Acacia,1,49
2018,5/20/2018,94.4,74,20.4,San Acacia,1,50
2018,5/21/2018,94.5,74,20.5,San Acacia,1,51
2018,5/22/2018,87.6,74,13.6,San Acacia,1,52
2018,5/23/2018,92.2,74,18.2,San Acacia,1,53
2018,5/24/2018,93,74,19,San Acacia,1,54
2018,5/25/2018,93,74,19,San Acacia,1,55
2018,5/26/2018,92.6,74,18.6,San Acacia,1,56
2018,5/27/2018,92.1,74,18.1,San Acacia,1,57
2018,5/28/2018,92.1,74,18.1,San Acacia,1,58
2018,5/29/2018,92.7,74,18.7,San Acacia,1,59
2018,5/30/2018,92.5,74,18.5,San Acacia,1,60
2018,5/31/2018,154.6,153.5,1.1,Isleta,1,61
2018,6/1/2018,154.6,152.3,2.3,Isleta,1,62
2018,6/2/2018,154.3,152,2.3,Isleta,1,63
2018,6/3/2018,154.6,152,2.6,Isleta,1,64
2018,6/4/2018,87.8,74,13.8,San Acacia,1,65
2018,6/5/2018,93.6,74,19.6,San Acacia,1,66
2018,6/6/2018,93,74,19,San Acacia,1,67
2018,6/7/2018,92.9,74,18.9,San Acacia,1,68
2018,6/8/2018,92.9,74,18.9,San Acacia,1,69
2018,6/9/2018,153.6,152.9,0.7,Isleta,1,70
2018,6/10/2018,152,152,0,Isleta,1,71
2018,6/11/2018,94,74,20,San Acacia,1,72
2018,6/12/2018,94,74,20,San Acacia,1,73
2018,6/13/2018,154.2,152.8,1.4,Isleta,1,74
2018,6/14/2018,154.8,152.3,2.5,Isleta,1,75
2018,6/15/2018,155,152.4,2.6,Isleta,1,76
2018,6/16/2018,154.8,152.4,2.4,Isleta,1,77
2018,6/17/2018,153.6,152.4,1.2,Isleta,1,78
2018,6/18/2018,93.6,74,19.6,San Acacia,1,79
2018,6/19/2018,93.4,74,19.4,San Acacia,1,80
2018,6/20/2018,90.7,74,16.7,San Acacia,1,81
2018,6/21/2018,92.8,74,18.8,San Acacia,1,82
2018,6/22/2018,93.5,74,19.5,San Acacia,1,83
2018,6/23/2018,93.9,74,19.9,San Acacia,1,84
2018,6/24/2018,95.7,74,21.7,San Acacia,1,85
2018,6/25/2018,155.3,152.6,2.7,Isleta,1,86
2018,6/26/2018,155.3,152,3.3,Isleta,1,87
2018,6/27/2018,155.6,151.7,3.9,Isleta,1,88
2018,6/28/2018,155.8,151.4,4.4,Isleta,1,89
2018,6/29/2018,155.9,151.2,4.7,Isleta,1,90
2018,6/30/2018,156,151.2,4.8,Isleta,1,91
2018,7/1/2018,156,151.2,4.8,Isleta,1,92
2018,7/2/2018,155.6,151.2,4.4,Isleta,1,93
2018,7/3/2018,155.9,152.5,3.4,Isleta,1,94
2018,7/4/2018,155.9,152.4,3.5,Isleta,1,95
2018,7/5/2018,156,152.4,3.6,Isleta,1,96
2018,7/6/2018,155.6,152.4,3.2,Isleta,1,97
2018,7/7/2018,67.2,63.4,3.8,San Acacia,1,98
2018,7/8/2018,68,62.9,5.1,San Acacia,1,99
2018,7/9/2018,69.2,62.8,6.4,San Acacia,1,100
2018,7/10/2018,56.5,54.6,1.9,San Acacia,1,101
2018,7/11/2018,57,54.5,2.5,San Acacia,1,102
2018,7/12/2018,56.8,54.5,2.3,San Acacia,1,103
2018,7/13/2018,56.7,54.5,2.2,San Acacia,1,104
2018,7/14/2018,56.5,54.5,2,San Acacia,1,105
2018,7/15/2018,57,54.5,2.5,San Acacia,1,106
2018,7/16/2018,83.9,63.9,20,San Acacia,1,107
2018,7/17/2018,71.9,63.8,8.1,San Acacia,1,108
2018,7/18/2018,56.1,54.7,1.4,San Acacia,1,109
2018,7/19/2018,153.6,152.7,0.9,Isleta,1,110
2018,7/20/2018,155.9,152.4,3.5,Isleta,1,111
2018,7/21/2018,154.8,152.1,2.7,Isleta,1,112
2018,7/22/2018,154.9,152,2.9,Isleta,1,113
2018,7/23/2018,155,151.7,3.3,Isleta,1,114
2018,7/24/2018,155.2,152.4,2.8,Isleta,1,115
2018,7/25/2018,134.1,133.3,0.8,Isleta,1,116
2018,7/26/2018,134,133.2,0.8,Isleta,1,117
2018,7/27/2018,56,54.5,1.5,San Acacia,1,118
2018,8/3/2018,81.4,77,4.4,San Acacia,2,1
2018,8/4/2018,88.2,75.6,12.6,San Acacia,2,2
2018,8/5/2018,85.3,74,11.3,San Acacia,2,3
2018,8/6/2018,86.4,74,12.4,San Acacia,2,4
2018,8/7/2018,89.1,74,15.1,San Acacia,2,5
2018,8/8/2018,91.8,74,17.8,San Acacia,2,6
2018,8/9/2018,155.1,152.7,2.4,Isleta,2,7
2018,8/10/2018,91.9,74,17.9,San Acacia,2,8
2018,8/11/2018,93.3,74,19.3,San Acacia,2,9
2018,8/12/2018,89.3,74,15.3,San Acacia,2,10
2018,8/13/2018,90.7,74,16.7,San Acacia,2,11
2018,8/14/2018,84.3,74,10.3,San Acacia,2,12
2018,8/17/2018,91.6,74,17.6,San Acacia,3,1
2018,8/18/2018,90.2,74,16.2,San Acacia,3,2
2018,8/19/2018,92.2,74,18.2,San Acacia,3,3
2018,8/20/2018,93.3,74,19.3,San Acacia,3,4
2018,8/21/2018,94.6,74,20.6,San Acacia,3,5
2018,8/22/2018,90.5,74,16.5,San Acacia,3,6
2018,9/1/2018,81.7,77.8,3.9,San Acacia,4,1
2018,9/3/2018,84.7,74.7,10,San Acacia,5,1
2018,9/4/2018,86,73.9,12.1,San Acacia,5,2
2018,9/5/2018,152.8,152.8,0,Isleta,5,3
2018,9/6/2018,154.7,152.4,2.3,Isleta,5,4
2018,9/7/2018,157.3,152.4,4.9,Isleta,5,5
2018,9/8/2018,157.2,152.4,4.8,Isleta,5,6
2018,9/9/2018,154.8,152.4,2.4,Isleta,5,7
2018,9/10/2018,154.6,152.4,2.2,Isleta,5,8
2018,9/11/2018,154.5,152.4,2.1,Isleta,5,9
2018,9/12/2018,154.5,152.4,2.1,Isleta,5,10
2018,9/13/2018,154.4,152.4,2,Isleta,5,11
2018,9/14/2018,154.4,152.4,2,Isleta,5,12
2018,9/15/2018,155,152.4,2.6,Isleta,5,13
2018,9/16/2018,155.1,152.4,2.7,Isleta,5,14
2018,9/17/2018,158.1,152.4,5.7,Isleta,5,15
2018,9/18/2018,157.7,151.5,6.2,Isleta,5,16
2018,9/19/2018,157.7,151.7,6,Isleta,5,17
2018,9/20/2018,157.3,151.5,5.8,Isleta,5,18
2018,9/21/2018,157.3,152.4,4.9,Isleta,5,19
2018,9/22/2018,155.1,152.4,2.7,Isleta,5,20
2018,9/23/2018,157.2,152.4,4.8,Isleta,5,21
2018,9/24/2018,157.2,152.4,4.8,Isleta,5,22
2018,9/25/2018,157.3,152.4,4.9,Isleta,5,23
2018,9/26/2018,157,152.4,4.6,Isleta,5,24
2018,9/27/2018,157.2,152.4,4.8,Isleta,5,25
2018,9/28/2018,156.8,152.4,4.4,Isleta,5,26
2018,9/29/2018,157,151.7,5.3,Isleta,5,27
2018,9/30/2018,157.8,152.4,5.4,Isleta,5,28
2018,10/1/2018,156.9,152.4,4.5,Isleta,5,29
2018,10/2/2018,156.7,152.4,4.3,Isleta,5,30
2018,10/3/2018,156.7,152.4,4.3,Isleta,5,31
2018,10/4/2018,156.4,152.4,4,Isleta,5,32
2018,10/5/2018,155.1,152.4,2.7,Isleta,5,33
2018,10/6/2018,155.1,152.4,2.7,Isleta,5,34
2018,10/7/2018,155.1,152.4,2.7,Isleta,5,35
2018,10/8/2018,155.1,152.4,2.7,Isleta,5,36
2018,10/9/2018,154.9,152.4,2.5,Isleta,5,37
2018,10/10/2018,154.9,152.4,2.5,Isleta,5,38
2018,10/11/2018,155.3,152.5,2.8,Isleta,5,39
2018,10/12/2018,155.3,152.5,2.8,Isleta,5,40
2018,10/13/2018,156.3,151.7,4.6,Isleta,5,41
2018,10/14/2018,155.6,152.6,3,Isleta,5,42
2018,10/15/2018,154.6,152.6,2,Isleta,5,43
2018,10/16/2018,155.3,152.6,2.7,Isleta,5,44
2018,10/17/2018,81.4,73.9,7.5,San Acacia,5,45
2018,10/18/2018,78.4,73.9,4.5,San Acacia,5,46
2018,10/19/2018,77.2,73.9,3.3,San Acacia,5,47
2019,8/21/2019,80.92,79.15,1.77,San Acacia,1,1
2019,8/22/2019,80.92,79.15,1.77,San Acacia,1,2
2019,8/23/2019,80.92,79.15,1.77,San Acacia,1,3
2019,8/24/2019,80.92,79.15,1.77,San Acacia,1,4
2019,8/25/2019,80.92,79.15,1.77,San Acacia,1,5
2019,8/26/2019,80.98,79.15,1.83,San Acacia,1,6
2019,8/27/2019,81.1,79.15,1.95,San Acacia,1,7
2019,8/28/2019,81.45,79.15,2.3,San Acacia,1,8
2019,8/29/2019,81.46,79.15,2.31,San Acacia,1,9
2019,8/30/2019,81.46,79.15,2.31,San Acacia,1,10
2019,8/31/2019,81.46,79.15,2.31,San Acacia,1,11
2019,9/1/2019,81.46,79.15,2.31,San Acacia,1,12
2019,9/2/2019,85.2,79.15,6.05,San Acacia,1,13
2019,9/3/2019,86.1,79.15,6.95,San Acacia,1,14
2019,9/4/2019,86.55,79.15,7.4,San Acacia,1,15
2019,9/5/2019,86.8,79.15,7.65,San Acacia,1,16
2019,9/6/2019,88.8,74.5,14.3,San Acacia,1,17
2019,9/7/2019,89.29,74.35,14.94,San Acacia,1,18
2019,9/8/2019,89.85,74.35,15.5,San Acacia,1,19
2019,9/9/2019,89.63,73.85,15.78,San Acacia,1,20
2019,9/10/2019,89.75,73.85,15.9,San Acacia,1,21
2019,9/11/2019,89.87,73.85,16.02,San Acacia,1,22
2019,9/12/2019,89.61,73.85,15.76,San Acacia,1,23
2019,9/13/2019,91.2,73.85,17.35,San Acacia,1,24
2019,9/14/2019,88.61,73.84,14.77,San Acacia,1,25
2019,9/15/2019,87.62,73.85,13.77,San Acacia,1,26
2019,9/16/2019,77,73.85,3.15,San Acacia,1,27
2019,9/26/2019,81.65,81.5,0.15,San Acacia,2,1
2019,9/27/2019,81.85,76.2,5.65,San Acacia,2,2
2019,9/28/2019,82.78,76.17,6.61,San Acacia,2,3
2019,9/29/2019,82.66,73.88,8.78,San Acacia,2,4
2019,9/30/2019,82.46,73.88,8.58,San Acacia,2,5
2019,10/1/2019,82.42,73.88,8.54,San Acacia,2,6
2019,10/2/2019,82.25,73.88,8.37,San Acacia,2,7
2019,10/3/2019,82.73,73.89,8.84,San Acacia,2,8
2019,10/4/2019,84.25,73.89,10.36,San Acacia,2,9
2019,10/5/2019,77.36,73.89,3.47,San Acacia,2,10
2020,5/10/2020,75.96,74.02,1.94,San Acacia,1,1
2020,5/22/2020,82.22,73.85,8.37,San Acacia,2,1
2020,5/23/2020,83.77,73.85,9.92,San Acacia,2,2
2020,5/24/2020,85.58,73.85,11.73,San Acacia,2,3
2020,5/25/2020,84.54,73.85,10.69,San Acacia,2,4
2020,5/26/2020,83.82,73.85,9.97,San Acacia,2,5
2020,5/27/2020,81.88,73.86,8.02,San Acacia,2,6
2020,5/30/2020,85.57,73.97,11.6,San Acacia,3,1
2020,5/31/2020,90.91,73.95,16.96,San Acacia,3,2
2020,6/1/2020,91.3,73.95,17.35,San Acacia,3,3
2020,6/2/2020,93.42,73.95,19.47,San Acacia,3,4
2020,6/3/2020,93.47,73.96,19.51,San Acacia,3,5
2020,6/4/2020,93.62,73.95,19.67,San Acacia,3,6
2020,6/5/2020,93.33,73.96,19.37,San Acacia,3,7
2020,6/6/2020,93.45,73.95,19.5,San Acacia,3,8
2020,6/7/2020,93.36,73.95,19.41,San Acacia,3,9
2020,6/8/2020,93.43,73.93,19.5,San Acacia,3,10
2020,6/9/2020,93.6,73.95,19.65,San Acacia,3,11
2020,6/10/2020,93.33,73.95,19.38,San Acacia,3,12
2020,6/11/2020,93.59,73.96,19.63,San Acacia,3,13
2020,6/12/2020,154.13,152.79,1.34,Isleta,3,14
2020,6/12/2020,94.57,73.96,20.61,San Acacia,3,15
2020,6/13/2020,155,152.51,2.49,Isleta,3,16
2020,6/13/2020,94.5,73.96,20.54,San Acacia,3,17
2020,6/14/2020,155.25,152.48,2.77,Isleta,3,18
2020,6/14/2020,95.24,73.96,21.28,San Acacia,3,19
2020,6/15/2020,155.77,151.17,4.6,Isleta,3,20
2020,6/15/2020,95.3,73.96,21.34,San Acacia,3,21
2020,6/16/2020,156,152.17,3.83,Isleta,3,22
2020,6/16/2020,94.97,73.96,21.01,San Acacia,3,23
2020,6/17/2020,156.1,152.1,4,Isleta,3,24
2020,6/17/2020,96,73.96,22.04,San Acacia,3,25
2020,6/18/2020,156.1,152.45,3.65,Isleta,3,26
2020,6/18/2020,96.1,73.95,22.15,San Acacia,3,27
2020,6/19/2020,157,151.3,5.7,Isleta,3,28
2020,6/19/2020,96.13,73.95,22.18,San Acacia,3,29
2020,6/20/2020,157.21,151.64,5.57,Isleta,3,30
2020,6/20/2020,96.55,73.95,22.6,San Acacia,3,31
2020,6/21/2020,157.26,152.4,4.86,Isleta,3,32
2020,6/21/2020,96.48,73.95,22.53,San Acacia,3,33
2020,6/22/2020,157.27,152.42,4.85,Isleta,3,34
2020,6/22/2020,96.52,73.95,22.57,San Acacia,3,35
2020,6/23/2020,157.28,152.15,5.13,Isleta,3,36
2020,6/23/2020,96.3,73.95,22.35,San Acacia,3,37
2020,6/24/2020,157.52,152.1,5.42,Isleta,3,38
2020,6/24/2020,96.3,73.95,22.35,San Acacia,3,39
2020,6/25/2020,158,152.1,5.9,Isleta,3,40
2020,6/25/2020,96.48,73.95,22.53,San Acacia,3,41
2020,6/26/2020,158.4,152.1,6.3,Isleta,3,42
2020,6/26/2020,96.75,73.96,22.79,San Acacia,3,43
2020,6/27/2020,158.2,151.77,6.43,Isleta,3,44
2020,6/27/2020,96.3,73.95,22.35,San Acacia,3,45
2020,6/28/2020,158.35,151.62,6.73,Isleta,3,46
2020,6/28/2020,96.72,73.95,22.77,San Acacia,3,47
2020,6/29/2020,158.35,151.6,6.75,Isleta,3,48
2020,6/29/2020,96.75,73.96,22.79,San Acacia,3,49
2020,6/30/2020,158.45,151.62,6.83,Isleta,3,50
2020,6/30/2020,96.74,73.95,22.79,San Acacia,3,51
2020,7/1/2020,158.54,152.45,6.09,Isleta,3,52
2020,7/1/2020,96.76,73.95,22.81,San Acacia,3,53
2020,7/2/2020,158,151.59,6.41,Isleta,3,54
2020,7/2/2020,133.5,133,0.5,Isleta,3,55
2020,7/2/2020,97.15,73.95,23.2,San Acacia,3,56
2020,7/3/2020,158.36,151.9,6.46,Isleta,3,57
2020,7/3/2020,132.36,131.96,0.4,Isleta,3,58
2020,7/3/2020,97.13,73.95,23.18,San Acacia,3,59
2020,7/4/2020,158.57,152,6.57,Isleta,3,60
2020,7/4/2020,132.28,131.93,0.35,Isleta,3,61
2020,7/4/2020,97.16,73.95,23.21,San Acacia,3,62
2020,7/5/2020,158.6,152.4,6.2,Isleta,3,63
2020,7/5/2020,132.28,131.9,0.38,Isleta,3,64
2020,7/5/2020,97.12,73.95,23.17,San Acacia,3,65
2020,7/6/2020,158.1,151.72,6.38,Isleta,3,66
2020,7/6/2020,97.4,73.85,23.55,San Acacia,3,67
2020,7/7/2020,158.47,151.62,6.85,Isleta,3,68
2020,7/7/2020,97.56,73.84,23.72,San Acacia,3,69
2020,7/8/2020,158.29,152.45,5.84,Isleta,3,70
2020,7/8/2020,133.97,132.65,1.32,Isleta,3,71
2020,7/8/2020,97.58,73.84,23.74,San Acacia,3,72
2020,7/8/2020,66.45,65.85,0.6,San Acacia,3,73
2020,7/9/2020,158.73,152.1,6.63,Isleta,3,74
2020,7/9/2020,133.75,132.7,1.05,Isleta,3,75
2020,7/9/2020,97.48,73.84,23.64,San Acacia,3,76
2020,7/9/2020,65.3,64.2,1.1,San Acacia,3,77
2020,7/10/2020,158.98,151.4,7.58,Isleta,3,78
2020,7/10/2020,134.27,131.93,2.34,Isleta,3,79
2020,7/10/2020,97.52,73.84,23.68,San Acacia,3,80
2020,7/10/2020,64.53,63.43,1.1,San Acacia,3,81
2020,7/10/2020,56,54.5,1.5,San Acacia,3,82
2020,7/11/2020,159.96,151.39,8.57,Isleta,3,83
2020,7/11/2020,135.05,131.91,3.14,Isleta,3,84
2020,7/11/2020,97.48,73.84,23.64,San Acacia,3,85
2020,7/11/2020,66.97,63.43,3.54,San Acacia,3,86
2020,7/11/2020,56.5,54.5,2,San Acacia,3,87
2020,7/12/2020,158.96,151.29,7.67,Isleta,3,88
2020,7/12/2020,135.35,131.93,3.42,Isleta,3,89
2020,7/12/2020,97.65,73.84,23.81,San Acacia,3,90
2020,7/12/2020,67.2,62.78,4.42,San Acacia,3,91
2020,7/12/2020,60.65,60.36,0.29,San Acacia,3,92
2020,7/12/2020,56.36,54.5,1.86,San Acacia,3,93
2020,7/13/2020,159.06,151.37,7.69,Isleta,3,94
2020,7/13/2020,135.68,131.92,3.76,Isleta,3,95
2020,7/13/2020,97.8,73.84,23.96,San Acacia,3,96
2020,7/13/2020,68.97,63.38,5.59,San Acacia,3,97
2020,7/13/2020,61.01,60.36,0.65,San Acacia,3,98
2020,7/13/2020,56.61,54.5,2.11,San Acacia,3,99
2020,7/14/2020,157.79,151.26,6.53,Isleta,3,100
2020,7/14/2020,135.7,131.92,3.78,Isleta,3,101
2020,7/14/2020,97.8,63.31,34.49,San Acacia,3,102
2020,7/14/2020,60.99,60.31,0.68,San Acacia,3,103
2020,7/14/2020,56.54,54.51,2.03,San Acacia,3,104
2020,7/15/2020,159,151.29,7.71,Isleta,3,105
2020,7/15/2020,135.21,131.92,3.29,Isleta,3,106
2020,7/15/2020,97.82,63.38,34.44,San Acacia,3,107
2020,7/15/2020,60.55,60.37,0.18,San Acacia,3,108
2020,7/15/2020,56.39,54.51,1.88,San Acacia,3,109
2020,7/16/2020,158.94,151.4,7.54,Isleta,3,110
2020,7/16/2020,134.62,131.91,2.71,Isleta,3,111
2020,7/16/2020,98.18,63.38,34.8,San Acacia,3,112
2020,7/16/2020,60.98,60.57,0.41,San Acacia,3,113
2020,7/16/2020,56.11,54.51,1.6,San Acacia,3,114
2020,7/17/2020,159.07,151.28,7.79,Isleta,3,115
2020,7/17/2020,134.58,131.92,2.66,Isleta,3,116
2020,7/17/2020,98.4,63.38,35.02,San Acacia,3,117
2020,7/17/2020,61.08,60.5,0.58,San Acacia,3,118
2020,7/17/2020,56.22,54.49,1.73,San Acacia,3,119
2020,7/18/2020,159.07,151.38,7.69,Isleta,3,120
2020,7/18/2020,134.4,131.92,2.48,Isleta,3,121
2020,7/18/2020,98.4,63.75,34.65,San Acacia,3,122
2020,7/18/2020,61,60.37,0.63,San Acacia,3,123
2020,7/18/2020,56.4,54.5,1.9,San Acacia,3,124
2020,7/19/2020,158.77,151.4,7.37,Isleta,3,125
2020,7/19/2020,133.51,131.92,1.59,Isleta,3,126
2020,7/19/2020,98.38,63.2,35.18,San Acacia,3,127
2020,7/19/2020,61,60.37,0.63,San Acacia,3,128
2020,7/19/2020,56.47,54.48,1.99,San Acacia,3,129
2020,7/20/2020,159.1,151.29,7.81,Isleta,3,130
2020,7/20/2020,132.27,131.92,0.35,Isleta,3,131
2020,7/20/2020,98.65,63.31,35.34,San Acacia,3,132
2020,7/20/2020,60.61,60.37,0.24,San Acacia,3,133
2020,7/20/2020,56.25,54.5,1.75,San Acacia,3,134
2020,7/21/2020,159.1,151.28,7.82,Isleta,3,135
2020,7/21/2020,98.71,63.21,35.5,San Acacia,3,136
2020,7/21/2020,61.12,60.32,0.8,San Acacia,3,137
2020,7/21/2020,56.56,54.5,2.06,San Acacia,3,138
2020,7/22/2020,159.07,151.29,7.78,Isleta,3,139
2020,7/22/2020,98.66,63.3,35.36,San Acacia,3,140
2020,7/22/2020,60.91,60.49,0.42,San Acacia,3,141
2020,7/22/2020,56.05,54.49,1.56,San Acacia,3,142
2020,7/23/2020,158.83,151.41,7.42,Isleta,3,143
2020,7/23/2020,96.25,63.37,32.88,San Acacia,3,144
2020,7/23/2020,60.9,60.48,0.42,San Acacia,3,145
2020,7/23/2020,56.04,54.5,1.54,San Acacia,3,146
2020,7/24/2020,158.23,151.6,6.63,Isleta,3,147
2020,7/24/2020,95.6,63.38,32.22,San Acacia,3,148
2020,7/24/2020,55.95,54.5,1.45,San Acacia,3,149
2020,7/25/2020,157.79,152.38,5.41,Isleta,3,150
2020,7/25/2020,75.2,63.38,11.82,San Acacia,3,151
2020,7/25/2020,55.91,54.5,1.41,San Acacia,3,152
2020,7/31/2020,156.96,152.51,4.45,Isleta,4,1
2020,8/1/2020,157.5,152.3,5.2,Isleta,4,2
2020,8/2/2020,158.3,152.48,5.82,Isleta,4,3
2020,8/3/2020,158.28,152.3,5.98,Isleta,4,4
2020,8/4/2020,158.44,152.35,6.09,Isleta,4,5
2020,8/5/2020,159.1,151.6,7.5,Isleta,4,6
2020,8/6/2020,159.01,151.59,7.42,Isleta,4,7
2020,8/7/2020,159.5,151.6,7.9,Isleta,4,8
2020,8/7/2020,93.6,81.35,12.25,San Acacia,4,9
2020,8/8/2020,159.06,151.5,7.56,Isleta,4,10
2020,8/8/2020,92.84,73.95,18.89,San Acacia,4,11
2020,8/9/2020,159.8,151.44,8.36,Isleta,4,12
2020,8/9/2020,93.9,73.95,19.95,San Acacia,4,13
2020,8/10/2020,159.08,151.38,7.7,Isleta,4,14
2020,8/10/2020,94.2,73.95,20.25,San Acacia,4,15
2020,8/11/2020,159.67,151.4,8.27,Isleta,4,16
2020,8/11/2020,93.82,73.95,19.87,San Acacia,4,17
2020,8/12/2020,159.7,151.5,8.2,Isleta,4,18
2020,8/12/2020,94.72,73.95,20.77,San Acacia,4,19
2020,8/13/2020,159.59,151.22,8.37,Isleta,4,20
2020,8/13/2020,95.89,73.95,21.94,San Acacia,4,21
2020,8/14/2020,159.64,151.24,8.4,Isleta,4,22
2020,8/14/2020,95.96,73.95,22.01,San Acacia,4,23
2020,8/15/2020,159.58,151.21,8.37,Isleta,4,24
2020,8/15/2020,95.91,73.95,21.96,San Acacia,4,25
2020,8/16/2020,159.1,151.2,7.9,Isleta,4,26
2020,8/16/2020,95.87,73.95,21.92,San Acacia,4,27
2020,8/17/2020,159.1,151.21,7.89,Isleta,4,28
2020,8/17/2020,95.65,73.96,21.69,San Acacia,4,29
2020,8/18/2020,159.56,151.24,8.32,Isleta,4,30
2020,8/18/2020,95.77,73.95,21.82,San Acacia,4,31
2020,8/19/2020,159.45,151.21,8.24,Isleta,4,32
2020,8/19/2020,134.76,132.86,1.9,Isleta,4,33
2020,8/19/2020,95.81,73.91,21.9,San Acacia,4,34
2020,8/20/2020,159.41,151.21,8.2,Isleta,4,35
2020,8/20/2020,135.3,132.84,2.46,Isleta,4,36
2020,8/20/2020,95.75,73.95,21.8,San Acacia,4,37
2020,8/21/2020,159.36,151.21,8.15,Isleta,4,38
2020,8/21/2020,135.82,132.7,3.12,Isleta,4,39
2020,8/21/2020,96.39,73.95,22.44,San Acacia,4,40
2020,8/22/2020,159.44,151.21,8.23,Isleta,4,41
2020,8/22/2020,135.94,132.69,3.25,Isleta,4,42
2020,8/22/2020,96.91,73.95,22.96,San Acacia,4,43
2020,8/23/2020,159,151.21,7.79,Isleta,4,44
2020,8/23/2020,135.92,132.68,3.24,Isleta,4,45
2020,8/23/2020,96.92,73.95,22.97,San Acacia,4,46
2020,8/24/2020,158.98,151.21,7.77,Isleta,4,47
2020,8/24/2020,135.59,131.97,3.62,Isleta,4,48
2020,8/24/2020,97.92,73.96,23.96,San Acacia,4,49
2020,8/25/2020,159.32,151.24,8.08,Isleta,4,50
2020,8/25/2020,135.46,131.97,3.49,Isleta,4,51
2020,8/25/2020,97.51,73.95,23.56,San Acacia,4,52
2020,8/26/2020,158.59,151.21,7.38,Isleta,4,53
2020,8/26/2020,134.14,131.97,2.17,Isleta,4,54
2020,8/26/2020,97.42,73.95,23.47,San Acacia,4,55
2020,8/27/2020,158.95,151.24,7.71,Isleta,4,56
2020,8/27/2020,133.88,131.98,1.9,Isleta,4,57
2020,8/27/2020,97.31,64.17,33.14,San Acacia,4,58
2020,8/28/2020,158.95,151.2,7.75,Isleta,4,59
2020,8/28/2020,133.87,131.98,1.89,Isleta,4,60
2020,8/28/2020,97.27,64.17,33.1,San Acacia,4,61
2020,8/29/2020,159.32,151.25,8.07,Isleta,4,62
2020,8/29/2020,134.45,131.97,2.48,Isleta,4,63
2020,8/29/2020,97.21,64.15,33.06,San Acacia,4,64
2020,8/29/2020,55.84,54.61,1.23,San Acacia,4,65
2020,8/30/2020,158.89,151.21,7.68,Isleta,4,66
2020,8/30/2020,134.55,131.92,2.63,Isleta,4,67
2020,8/30/2020,97.06,64.19,32.87,San Acacia,4,68
2020,8/30/2020,56,54.61,1.39,San Acacia,4,69
2020,8/31/2020,158.98,151.21,7.77,Isleta,4,70
2020,8/31/2020,134.51,131.92,2.59,Isleta,4,71
2020,8/31/2020,96.95,63.97,32.98,San Acacia,4,72
2020,8/31/2020,60.38,60.35,0.03,San Acacia,4,73
2020,8/31/2020,56.05,54.61,1.44,San Acacia,4,74
2020,9/1/2020,158.88,151.29,7.59,Isleta,4,75
2020,9/1/2020,134.95,131.97,2.98,Isleta,4,76
2020,9/1/2020,96.91,63.97,32.94,San Acacia,4,77
2020,9/1/2020,60.44,60.36,0.08,San Acacia,4,78
2020,9/1/2020,56.04,54.61,1.43,San Acacia,4,79
2020,9/2/2020,158.8,151.45,7.35,Isleta,4,80
2020,9/2/2020,133.12,132.13,0.99,Isleta,4,81
2020,9/2/2020,94.8,63.95,30.85,San Acacia,4,82
2020,9/2/2020,60.4,60.36,0.04,San Acacia,4,83
2020,9/2/2020,55.86,54.61,1.25,San Acacia,4,84
2020,9/3/2020,158.88,151.51,7.37,Isleta,4,85
2020,9/3/2020,133.95,132.14,1.81,Isleta,4,86
2020,9/3/2020,95.23,63.95,31.28,San Acacia,4,87
2020,9/3/2020,60.41,60.36,0.05,San Acacia,4,88
2020,9/3/2020,55.86,54.6,1.26,San Acacia,4,89
2020,9/4/2020,158.92,152.09,6.83,Isleta,4,90
2020,9/4/2020,134.22,131.95,2.27,Isleta,4,91
2020,9/4/2020,95.64,63.95,31.69,San Acacia,4,92
2020,9/4/2020,60.43,60.36,0.07,San Acacia,4,93
2020,9/4/2020,56.5,54.6,1.9,San Acacia,4,94
2020,9/5/2020,159.4,151.52,7.88,Isleta,4,95
2020,9/5/2020,134.25,131.96,2.29,Isleta,4,96
2020,9/5/2020,95.5,63.95,31.55,San Acacia,4,97
2020,9/5/2020,60.44,60.35,0.09,San Acacia,4,98
2020,9/5/2020,56.05,54.61,1.44,San Acacia,4,99
2020,9/6/2020,160.07,151.44,8.63,Isleta,4,100
2020,9/6/2020,134.93,132.02,2.91,Isleta,4,101
2020,9/6/2020,95.44,62.75,32.69,San Acacia,4,102
2020,9/6/2020,61.6,60.35,1.25,San Acacia,4,103
2020,9/6/2020,56.12,54.59,1.53,San Acacia,4,104
2020,9/7/2020,158.9,151.22,7.68,Isleta,4,105
2020,9/7/2020,134.6,131.91,2.69,Isleta,4,106
2020,9/7/2020,95.36,62.85,32.51,San Acacia,4,107
2020,9/7/2020,61.91,60.36,1.55,San Acacia,4,108
2020,9/7/2020,56.05,54.61,1.44,San Acacia,4,109
2020,9/8/2020,160,151.38,8.62,Isleta,4,110
2020,9/8/2020,134.34,131.92,2.42,Isleta,4,111
2020,9/8/2020,95.36,62.87,32.49,San Acacia,4,112
2020,9/8/2020,61,60.36,0.64,San Acacia,4,113
2020,9/8/2020,56.05,54.6,1.45,San Acacia,4,114
2020,9/9/2020,158.81,151.64,7.17,Isleta,4,115
2020,9/9/2020,133.3,132.24,1.06,Isleta,4,116
2020,9/9/2020,94.36,64.15,30.21,San Acacia,4,117
2020,9/9/2020,55.81,54.61,1.2,San Acacia,4,118
2020,9/10/2020,158.75,152.5,6.25,Isleta,4,119
2020,9/10/2020,93.63,64.15,29.48,San Acacia,4,120
2020,9/10/2020,55.3,54.6,0.7,San Acacia,4,121
2020,9/11/2020,158.68,152.48,6.2,Isleta,4,122
2020,9/11/2020,93.63,63.99,29.64,San Acacia,4,123
2020,9/11/2020,55.08,54.64,0.44,San Acacia,4,124
2020,9/12/2020,158.65,152.5,6.15,Isleta,4,125
2020,9/12/2020,94.37,64.16,30.21,San Acacia,4,126
2020,9/13/2020,158.6,152.42,6.18,Isleta,4,127
2020,9/13/2020,94.65,63.93,30.72,San Acacia,4,128
2020,9/14/2020,158.35,152.4,5.95,Isleta,4,129
2020,9/14/2020,94.58,63.97,30.61,San Acacia,4,130
2020,9/15/2020,158.5,152.4,6.1,Isleta,4,131
2020,9/15/2020,94.51,63.97,30.54,San Acacia,4,132
2020,9/16/2020,158.57,152.32,6.25,Isleta,4,133
2020,9/16/2020,94.55,64.15,30.4,San Acacia,4,134
2020,9/17/2020,158.55,152.3,6.25,Isleta,4,135
2020,9/17/2020,94.43,63.97,30.46,San Acacia,4,136
2020,9/18/2020,158.8,152.22,6.58,Isleta,4,137
2020,9/18/2020,94.46,63.97,30.49,San Acacia,4,138
2020,9/18/2020,55.34,54.7,0.64,San Acacia,4,139
2020,9/19/2020,158.8,151.25,7.55,Isleta,4,140
2020,9/19/2020,94.26,63.97,30.29,San Acacia,4,141
2020,9/19/2020,55.4,54.71,0.69,San Acacia,4,142
2020,9/20/2020,158.7,152.03,6.67,Isleta,4,143
2020,9/20/2020,94.13,63.96,30.17,San Acacia,4,144
2020,9/20/2020,54.84,54.65,0.19,San Acacia,4,145
2020,9/21/2020,158.6,151.25,7.35,Isleta,4,146
2020,9/21/2020,133.3,131.8,1.5,Isleta,4,147
2020,9/21/2020,94.06,63.96,30.1,San Acacia,4,148
2020,9/21/2020,54.83,54.7,0.13,San Acacia,4,149
2020,9/22/2020,158.59,151.57,7.02,Isleta,4,150
2020,9/22/2020,133.33,132.74,0.59,Isleta,4,151
2020,9/22/2020,94.04,63.96,30.08,San Acacia,4,152
2020,9/22/2020,54.84,54.7,0.14,San Acacia,4,153
2020,9/23/2020,158.59,151.64,6.95,Isleta,4,154
2020,9/23/2020,133.39,132.71,0.68,Isleta,4,155
2020,9/23/2020,94,63.96,30.04,San Acacia,4,156
2020,9/23/2020,54.84,54.67,0.17,San Acacia,4,157
2020,9/24/2020,158.83,151.64,7.19,Isleta,4,158
2020,9/24/2020,133.27,132.72,0.55,Isleta,4,159
2020,9/24/2020,94,63.96,30.04,San Acacia,4,160
2020,9/25/2020,158.79,151.5,7.29,Isleta,4,161
2020,9/25/2020,93.93,63.96,29.97,San Acacia,4,162
2020,9/26/2020,158.6,151.45,7.15,Isleta,4,163
2020,9/26/2020,93.89,63.96,29.93,San Acacia,4,164
2020,9/26/2020,54.75,54.67,0.08,San Acacia,4,165
2020,9/27/2020,158.7,151.51,7.19,Isleta,4,166
2020,9/27/2020,93.68,63.93,29.75,San Acacia,4,167
2020,9/27/2020,54.84,54.67,0.17,San Acacia,4,168
2020,9/28/2020,158.75,152.46,6.29,Isleta,4,169
2020,9/28/2020,93.68,63.93,29.75,San Acacia,4,170
2020,9/28/2020,54.84,54.67,0.17,San Acacia,4,171
2020,9/29/2020,159.48,152.04,7.44,Isleta,4,172
2020,9/29/2020,93.36,63.96,29.4,San Acacia,4,173
2020,9/29/2020,54.86,54.67,0.19,San Acacia,4,174
2020,9/30/2020,159.48,152.04,7.44,Isleta,4,175
2020,9/30/2020,93.36,63.96,29.4,San Acacia,4,176
2020,9/30/2020,54.86,54.67,0.19,San Acacia,4,177
2020,10/1/2020,160,152.05,7.95,Isleta,4,178
2020,10/1/2020,93.05,63.93,29.12,San Acacia,4,179
2020,10/1/2020,55.57,54.63,0.94,San Acacia,4,180
2020,10/2/2020,160,152.05,7.95,Isleta,4,181
2020,10/2/2020,93.05,63.93,29.12,San Acacia,4,182
2020,10/2/2020,55.57,54.63,0.94,San Acacia,4,183
2020,10/3/2020,158.95,152,6.95,Isleta,4,184
2020,10/3/2020,92.95,63.96,28.99,San Acacia,4,185
2020,10/3/2020,55.64,54.61,1.03,San Acacia,4,186
2020,10/4/2020,158.84,152.32,6.52,Isleta,4,187
2020,10/4/2020,92.9,63.94,28.96,San Acacia,4,188
2020,10/4/2020,55.84,54.61,1.23,San Acacia,4,189
2020,10/5/2020,158.84,152.32,6.52,Isleta,4,190
2020,10/5/2020,92.9,63.94,28.96,San Acacia,4,191
2020,10/5/2020,55.84,54.61,1.23,San Acacia,4,192
2020,10/6/2020,159.32,152.3,7.02,Isleta,4,193
2020,10/6/2020,92.6,63.95,28.65,San Acacia,4,194
2020,10/6/2020,55.52,54.6,0.92,San Acacia,4,195
2020,10/7/2020,159.32,152.3,7.02,Isleta,4,196
2020,10/7/2020,92.6,63.95,28.65,San Acacia,4,197
2020,10/7/2020,55.52,54.6,0.92,San Acacia,4,198
2020,10/8/2020,159.37,152.34,7.03,Isleta,4,199
2020,10/8/2020,92.32,63.95,28.37,San Acacia,4,200
2020,10/8/2020,55.56,54.67,0.89,San Acacia,4,201
2020,10/9/2020,159.37,152.34,7.03,Isleta,4,202
2020,10/9/2020,92.32,63.95,28.37,San Acacia,4,203
2020,10/9/2020,55.56,54.67,0.89,San Acacia,4,204
2020,10/10/2020,158.71,152.3,6.41,Isleta,4,205
2020,10/10/2020,92,63.97,28.03,San Acacia,4,206
2020,10/10/2020,55.28,54.69,0.59,San Acacia,4,207
2020,10/11/2020,158.75,152.44,6.31,Isleta,4,208
2020,10/11/2020,91.87,63.95,27.92,San Acacia,4,209
2020,10/11/2020,55.24,54.7,0.54,San Acacia,4,210
2020,10/12/2020,158.75,152.44,6.31,Isleta,4,211
2020,10/12/2020,91.87,63.95,27.92,San Acacia,4,212
2020,10/12/2020,55.24,54.7,0.54,San Acacia,4,213
2020,10/13/2020,158.7,152.33,6.37,Isleta,4,214
2020,10/13/2020,91.62,63.95,27.67,San Acacia,4,215
2020,10/13/2020,55.15,54.72,0.43,San Acacia,4,216
2020,10/14/2020,158.7,152.33,6.37,Isleta,4,217
2020,10/14/2020,91.62,63.95,27.67,San Acacia,4,218
2020,10/14/2020,55.15,54.72,0.43,San Acacia,4,219
2020,10/15/2020,158.67,152.15,6.52,Isleta,4,220
2020,10/15/2020,91.42,63.94,27.48,San Acacia,4,221
2020,10/15/2020,54.96,54.72,0.24,San Acacia,4,222
2020,10/16/2020,158.67,152.15,6.52,Isleta,4,223
2020,10/16/2020,91.42,63.94,27.48,San Acacia,4,224
2020,10/16/2020,54.96,54.72,0.24,San Acacia,4,225
2020,10/17/2020,158.85,152.1,6.75,Isleta,4,226
2020,10/17/2020,91.12,63.97,27.15,San Acacia,4,227
2020,10/18/2020,158.55,152.1,6.45,Isleta,4,228
2020,10/18/2020,90.97,64.14,26.83,San Acacia,4,229
2020,10/19/2020,158.55,152.1,6.45,Isleta,4,230
2020,10/19/2020,90.97,64.14,26.83,San Acacia,4,231
2020,10/20/2020,158.54,152.09,6.45,Isleta,4,232
2020,10/20/2020,90.76,64.15,26.61,San Acacia,4,233
2020,10/21/2020,158.54,152.09,6.45,Isleta,4,234
2020,10/21/2020,90.76,64.15,26.61,San Acacia,4,235
2020,10/22/2020,158.45,152.09,6.36,Isleta,4,236
2020,10/22/2020,90.5,64.15,26.35,San Acacia,4,237
2020,10/23/2020,158.45,152.09,6.36,Isleta,4,238
2020,10/23/2020,90.5,64.15,26.35,San Acacia,4,239
2020,10/24/2020,158.43,152.09,6.34,Isleta,4,240
2020,10/24/2020,90.19,64.15,26.04,San Acacia,4,241
2020,10/25/2020,158.41,152.09,6.32,Isleta,4,242
2020,10/25/2020,90.17,64.14,26.03,San Acacia,4,243
2020,10/26/2020,158.41,152.09,6.32,Isleta,4,244
2020,10/26/2020,90.17,64.14,26.03,San Acacia,4,245
2020,10/27/2020,158.54,152.51,6.03,Isleta,4,246
2020,10/27/2020,90.17,64.14,26.03,San Acacia,4,247
2020,10/28/2020,158.54,152.51,6.03,Isleta,4,248
2020,10/28/2020,90.17,64.14,26.03,San Acacia,4,249
2020,10/29/2020,158.26,152.51,5.75,Isleta,4,250
2020,10/29/2020,87.9,64.14,23.76,San Acacia,4,251
2020,10/30/2020,158.26,152.51,5.75,Isleta,4,252
2020,10/30/2020,87.79,64.14,23.65,San Acacia,4,253
2020,10/31/2020,157.48,152.52,4.96,Isleta,4,254
2020,10/31/2020,87.57,64.15,23.42,San Acacia,4,255
2021,6/17/2021,79.37,79.15,0.22,San Acacia,1,1
2021,6/18/2021,77.21,73.29,3.92,San Acacia,1,2
2021,6/18/2021,81.6,78.76,2.84,San Acacia,1,3
2021,6/18/2021,72.59,71.15,1.44,San Acacia,1,4
2021,6/18/2021,66.11,65.68,0.43,San Acacia,1,5
2021,6/18/2021,67.93,66.65,1.28,San Acacia,1,6
2021,6/18/2021,69.13,68.42,0.71,San Acacia,1,7
2021,6/19/2021,82.4,64.63,17.77,San Acacia,1,8
2021,6/20/2021,86.12,64.56,21.56,San Acacia,1,9
2021,6/21/2021,86.42,64.57,21.85,San Acacia,1,10
2021,6/22/2021,88.49,64.32,24.17,San Acacia,1,11
2021,6/23/2021,91.8,64.31,27.49,San Acacia,1,12
2021,6/24/2021,95.31,64.31,31,San Acacia,1,13
2021,6/25/2021,95.45,64.31,31.14,San Acacia,1,14
2021,6/26/2021,96.07,64.31,31.76,San Acacia,1,15
2021,6/27/2021,96.17,64.28,31.89,San Acacia,1,16
2021,6/27/2021,155.52,152.7,2.82,Isleta,1,17
2021,6/28/2021,94.78,64.31,30.47,San Acacia,1,18
2021,6/28/2021,154.5,152.7,1.8,Isleta,1,19
2021,6/29/2021,93.52,64.31,29.21,San Acacia,1,20
2021,6/30/2021,95.56,64.32,31.24,San Acacia,1,21
2021,7/1/2021,94.49,64.32,30.17,San Acacia,1,22
2021,7/2/2021,94.71,64.29,30.42,San Acacia,1,23
2021,7/3/2021,93.45,64.3,29.15,San Acacia,1,24
2021,7/16/2021,155.12,153,2.12,Isleta,2,1
2021,7/17/2021,155.99,152.7,3.29,Isleta,2,2
2021,7/17/2021,83.41,81.23,2.18,San Acacia,2,3
2021,7/17/2021,157.78,156.7,1.08,Isleta,2,4
2021,7/18/2021,159.01,156.7,2.31,Isleta,2,5
2021,7/18/2021,84.37,65.38,18.99,San Acacia,2,6
2021,7/18/2021,156.57,152.14,4.43,Isleta,2,7
2021,7/19/2021,155.9,152.38,3.52,Isleta,2,8
2021,7/19/2021,79.65,65,14.65,San Acacia,2,9
2021,7/20/2021,158.57,152.14,6.43,Isleta,2,10
2021,7/20/2021,73.76,64.48,9.28,San Acacia,2,11
2021,7/21/2021,158.05,152.37,5.68,Isleta,2,12
2021,7/22/2021,157.83,152.44,5.39,Isleta,2,13
2021,7/23/2021,158.37,152.44,5.93,Isleta,2,14
2021,7/24/2021,157.65,152.55,5.1,Isleta,2,15
2021,7/26/2021,157.8,152.46,5.34,Isleta,3,1
2021,7/27/2021,160.2,152.44,7.76,Isleta,3,2
2021,8/8/2021,153.81,152.35,1.46,Isleta,4,1
2021,8/9/2021,154.08,152.07,2.01,Isleta,4,2
2021,8/10/2021,153.66,152.06,1.6,Isleta,4,3
2021,8/11/2021,156.88,152.01,4.87,Isleta,4,4
2021,8/11/2021,82.4,65.6,16.8,San Acacia,4,5
2021,8/12/2021,157.84,152.01,5.83,Isleta,4,6
2021,8/12/2021,85.76,64.57,21.19,San Acacia,4,7
2021,8/13/2021,158.39,152,6.39,Isleta,4,8
2021,8/13/2021,75.5,73.8,1.7,San Acacia,4,9
2021,8/14/2021,158.52,152.37,6.15,Isleta,4,10
2021,8/16/2021,158.34,152.35,5.99,Isleta,5,1
2021,8/17/2021,157.53,152.44,5.09,Isleta,5,2
2021,8/18/2021,157.03,152.39,4.64,Isleta,5,3
2021,8/19/2021,157.39,152.38,5.01,Isleta,5,4
2021,8/20/2021,157.6,152.37,5.23,Isleta,5,5
2021,8/21/2021,157.46,152.37,5.09,Isleta,5,6
2021,8/22/2021,157.51,151.97,5.54,Isleta,5,7
2021,8/22/2021,81.93,65.06,16.87,San Acacia,5,8
2021,8/22/2021,134.39,132.96,1.43,Isleta,5,9
2021,8/23/2021,157.65,152.35,5.3,Isleta,5,10
2021,8/24/2021,158.7,151.43,7.27,Isleta,5,11
2021,8/24/2021,134.16,132.99,1.17,Isleta,5,12
2021,8/25/2021,159.51,151.18,8.33,Isleta,5,13
2021,8/25/2021,135.47,132.87,2.6,Isleta,5,14
2021,8/26/2021,160.11,151.18,8.93,Isleta,5,15
2021,8/26/2021,135.87,132.87,3,Isleta,5,16
2021,8/27/2021,159.07,151.12,7.95,Isleta,5,17
2021,8/27/2021,135.41,132.87,2.54,Isleta,5,18
2021,8/28/2021,159.03,151.21,7.82,Isleta,5,19
2021,8/29/2021,159.05,151.21,7.84,Isleta,5,20
2021,8/29/2021,134.21,133.98,0.23,Isleta,5,21
2021,8/30/2021,159.98,151.22,8.76,Isleta,5,22
2021,8/30/2021,134.52,133.04,1.48,Isleta,5,23
2021,8/31/2021,135.52,132.87,2.65,Isleta,5,24
2021,8/31/2021,159.55,151.21,8.34,Isleta,5,25
2021,9/1/2021,136.25,132.86,3.39,Isleta,5,26
2021,9/1/2021,159.45,151.21,8.24,Isleta,5,27
2021,9/2/2021,159.37,151.2,8.17,Isleta,5,28
2021,9/2/2021,135.18,132.85,2.33,Isleta,5,29
2021,9/3/2021,156.01,151.21,4.8,Isleta,5,30
2021,9/3/2021,135.35,132.85,2.5,Isleta,5,31
2021,9/4/2021,158.2,152.35,5.85,Isleta,5,32
2021,9/4/2021,135.41,132.85,2.56,Isleta,5,33
2021,9/5/2021,158.01,152.35,5.66,Isleta,5,34
2021,9/6/2021,157.75,151.22,6.53,Isleta,5,35
2021,9/7/2021,157.62,151.2,6.42,Isleta,5,36
2021,9/7/2021,135.06,133.01,2.05,Isleta,5,37
2021,9/8/2021,135.55,132.87,2.68,Isleta,5,38
2021,9/8/2021,157.51,151.21,6.3,Isleta,5,39
2021,9/9/2021,157.4,151.19,6.21,Isleta,5,40
2021,9/9/2021,136.18,132.86,3.32,Isleta,5,41
2021,9/9/2021,71.69,65.95,5.74,San Acacia,5,42
2021,9/10/2021,157.38,151.22,6.16,Isleta,5,43
2021,9/10/2021,136.26,132.85,3.41,Isleta,5,44
2021,9/10/2021,82.7,64.57,18.13,San Acacia,5,45
2021,9/12/2021,157.23,151.21,6.02,Isleta,6,1
2021,9/12/2021,83.43,64.65,18.78,San Acacia,6,2
2021,9/12/2021,136.3,132.2,4.1,Isleta,6,3
2021,9/13/2021,157.2,151.2,6,Isleta,6,4
2021,9/13/2021,84.38,64.51,19.87,San Acacia,6,5
2021,9/13/2021,136.65,132.17,4.48,Isleta,6,6
2021,9/14/2021,157.15,151.21,5.94,Isleta,6,7
2021,9/14/2021,84.7,64.49,20.21,San Acacia,6,8
2021,9/14/2021,136.63,132.17,4.46,Isleta,6,9
2021,9/15/2021,84.82,64.49,20.33,San Acacia,6,10
2021,9/16/2021,87.09,64.51,22.58,San Acacia,6,11
2021,9/16/2021,157.03,151.2,5.83,Isleta,6,12
2021,9/16/2021,136.69,132.73,3.96,Isleta,6,13
2021,9/17/2021,156.97,151.2,5.77,Isleta,6,14
2021,9/17/2021,87.4,64.31,23.09,San Acacia,6,15
2021,9/17/2021,136.87,132.17,4.7,Isleta,6,16
2021,9/18/2021,156.89,151.21,5.68,Isleta,6,17
2021,9/18/2021,87.48,64.12,23.36,San Acacia,6,18
2021,9/18/2021,136.99,132.17,4.82,Isleta,6,19
2021,9/19/2021,156.8,151.2,5.6,Isleta,6,20
2021,9/19/2021,87.4,64.3,23.1,San Acacia,6,21
2021,9/19/2021,136.87,132.16,4.71,Isleta,6,22
2021,9/20/2021,87.4,64.31,23.09,San Acacia,6,23
2021,9/20/2021,155.92,151.2,4.72,Isleta,6,24
2021,9/20/2021,137.12,132.18,4.94,Isleta,6,25
2021,9/21/2021,155.86,151.2,4.66,Isleta,6,26
2021,9/21/2021,92.43,64.29,28.14,San Acacia,6,27
2021,9/21/2021,137.12,132.18,4.94,Isleta,6,28
2021,9/22/2021,93.28,64.3,28.98,San Acacia,6,29
2021,9/22/2021,155.85,151.2,4.65,Isleta,6,30
2021,9/22/2021,137,132.18,4.82,Isleta,6,31
2021,9/23/2021,155.79,151.21,4.58,Isleta,6,32
2021,9/23/2021,93.97,64.3,29.67,San Acacia,6,33
2021,9/23/2021,136.89,132.17,4.72,Isleta,6,34
2021,9/24/2021,155.75,151.2,4.55,Isleta,6,35
2021,9/24/2021,93.36,64.31,29.05,San Acacia,6,36
2021,9/25/2021,155.72,151.2,4.52,Isleta,6,37
2021,9/25/2021,136.69,132.17,4.52,Isleta,6,38
2021,9/25/2021,93.86,64.31,29.55,San Acacia,6,39
2021,9/26/2021,155.64,151.19,4.45,Isleta,6,40
2021,9/26/2021,93.4,64.31,29.09,San Acacia,6,41
2021,9/26/2021,136.38,132.19,4.19,Isleta,6,42
2021,9/27/2021,93.99,64.4,29.59,San Acacia,6,43
2021,9/27/2021,155.53,151.2,4.33,Isleta,6,44
2021,9/27/2021,136.19,132.18,4.01,Isleta,6,45
2021,9/28/2021,93.96,64.39,29.57,San Acacia,6,46
2021,9/28/2021,155.48,151.2,4.28,Isleta,6,47
2021,9/28/2021,136.14,132.18,3.96,Isleta,6,48
2021,9/29/2021,155.36,151.2,4.16,Isleta,6,49
2021,9/29/2021,91.49,64.39,27.1,San Acacia,6,50
2021,9/29/2021,135.98,132.2,3.78,Isleta,6,51
2021,9/30/2021,93.9,64.39,29.51,San Acacia,6,52
2021,9/30/2021,155.36,151.2,4.16,Isleta,6,53
2021,9/30/2021,135.91,132.18,3.73,Isleta,6,54
2021,10/1/2021,155.28,151.2,4.08,Isleta,6,55
2021,10/1/2021,135.36,132.2,3.16,Isleta,6,56
2021,10/1/2021,73.91,64.39,9.52,San Acacia,6,57
2021,10/2/2021,70.49,64.4,6.09,San Acacia,6,58
2021,10/3/2021,153.83,151.2,2.63,Isleta,6,59
2022,6/5/2022,82.99,65.85,17.14,San Acacia,1,1
2022,6/6/2022,85.69,64.76,20.93,San Acacia,1,2
2022,6/7/2022,88.14,64.55,23.59,San Acacia,1,3
2022,6/8/2022,91.88,64.5,27.38,San Acacia,1,4
2022,6/9/2022,93.26,65,28.26,San Acacia,1,5
2022,6/10/2022,95.08,64.49,30.59,San Acacia,1,6
2022,6/11/2022,96,64.4,31.6,San Acacia,1,7
2022,6/12/2022,96.36,64.41,31.95,San Acacia,1,8
2022,6/13/2022,96.4,64.4,32,San Acacia,1,9
2022,6/14/2022,97.21,64.31,32.9,San Acacia,1,10
2022,6/15/2022,97.53,64.31,33.22,San Acacia,1,11
2022,6/16/2022,97.75,64.24,33.51,San Acacia,1,12
2022,6/16/2022,155.46,153.04,2.42,Isleta,1,13
2022,6/17/2022,98.11,64.19,33.92,San Acacia,1,14
2022,6/17/2022,155.87,152.59,3.28,Isleta,1,15
2022,6/18/2022,98.01,63.7,34.31,San Acacia,1,16
2022,6/18/2022,155.46,152.65,2.81,Isleta,1,17
2022,6/19/2022,98,64.39,33.61,San Acacia,1,18
2022,6/19/2022,153.8,152.65,1.15,Isleta,1,19
2022,6/20/2022,88.75,64.31,24.44,San Acacia,1,20
2022,6/21/2022,74.6,64.23,10.37,San Acacia,1,21
2022,7/14/2022,85.75,66.85,18.9,San Acacia,2,1
2022,7/15/2022,74.13,64.57,9.56,San Acacia,2,2
2022,7/16/2022,89.59,64.51,25.08,San Acacia,2,3
2022,7/17/2022,79.27,64.52,14.75,San Acacia,2,4
2022,7/17/2022,156.2,152.87,3.33,Isleta,2,5
2022,7/18/2022,159.63,152.41,7.22,Isleta,2,6
2022,7/19/2022,73.41,71.09,2.32,San Acacia,2,7
2022,7/19/2022,161.79,152.2,9.59,Isleta,2,8
2022,7/20/2022,74.16,64.35,9.81,San Acacia,2,9
2022,7/20/2022,162.73,152.21,10.52,Isleta,2,10
2022,7/21/2022,82.51,64.3,18.21,San Acacia,2,11
2022,7/21/2022,163.1,152.16,10.94,Isleta,2,12
2022,7/22/2022,178.27,177.72,0.55,Angostura,2,13
2022,7/22/2022,91.44,64.3,27.14,San Acacia,2,14
2022,7/22/2022,162.23,152.17,10.06,Isleta,2,15
2022,7/23/2022,179.76,177.72,2.04,Angostura,2,16
2022,7/23/2022,93.32,64.31,29.01,San Acacia,2,17
2022,7/23/2022,163.32,152.82,10.5,Isleta,2,18
2022,7/24/2022,182.84,177.72,5.12,Angostura,2,19
2022,7/24/2022,93.4,64.67,28.73,San Acacia,2,20
2022,7/24/2022,163.37,151.29,12.08,Isleta,2,21
2022,7/25/2022,183.62,177.72,5.9,Angostura,2,22
2022,7/25/2022,96.92,64.17,32.75,San Acacia,2,23
2022,7/25/2022,134.19,132.47,1.72,Isleta,2,24
2022,7/25/2022,163.5,151.27,12.23,Isleta,2,25
2022,7/26/2022,188.46,177.72,10.74,Angostura,2,26
2022,7/26/2022,55.59,54.49,1.1,San Acacia,2,27
2022,7/26/2022,98.69,64.18,34.51,San Acacia,2,28
2022,7/26/2022,134.31,132.93,1.38,Isleta,2,29
2022,7/26/2022,163.5,151.26,12.24,Isleta,2,30
2022,7/27/2022,55.35,54.52,0.83,San Acacia,2,31
2022,7/27/2022,90.6,64.17,26.43,San Acacia,2,32
2022,7/27/2022,134.43,132.93,1.5,Isleta,2,33
2022,7/27/2022,163.6,151.29,12.31,Isleta,2,34
2022,7/28/2022,69,64.17,4.83,San Acacia,2,35
2022,7/28/2022,163.59,151.29,12.3,Isleta,2,36
2022,7/29/2022,163.16,151.98,11.18,Isleta,2,37
2022,7/30/2022,162.11,152.41,9.7,Isleta,2,38
2022,7/31/2022,154.9,152.43,2.47,Isleta,2,39
2022,9/12/2022,85.59,73.36,12.23,San Acacia,3,1
2022,9/12/2022,154.92,153.15,1.77,Isleta,3,2
2022,9/13/2022,80,64.49,15.51,San Acacia,3,3
2022,9/13/2022,155.14,153,2.14,Isleta,3,4
2022,9/15/2022,155.1,153.36,1.74,Isleta,4,1
2022,9/16/2022,81.81,69.18,12.63,San Acacia,4,2
2022,9/17/2022,85.03,64.3,20.73,San Acacia,4,3
2022,9/18/2022,84.8,64.37,20.43,San Acacia,4,4
2022,9/18/2022,156.2,152.68,3.52,Isleta,4,5
2022,9/19/2022,78.12,64.29,13.83,San Acacia,4,6
2022,9/19/2022,156.22,152.43,3.79,Isleta,4,7
2022,9/20/2022,79.42,64.23,15.19,San Acacia,4,8
2022,9/20/2022,156.82,152.43,4.39,Isleta,4,9
2022,9/21/2022,79.54,64.23,15.31,San Acacia,4,10
2022,9/21/2022,157.53,152.45,5.08,Isleta,4,11
2022,9/22/2022,79.06,64.17,14.89,San Acacia,4,12
2022,9/22/2022,157.82,152.43,5.39,Isleta,4,13
2022,9/23/2022,76.79,64.12,12.67,San Acacia,4,14
2022,9/23/2022,157.53,152.42,5.11,Isleta,4,15
2022,9/24/2022,75.92,64.18,11.74,San Acacia,4,16
2022,9/24/2022,157.01,152.45,4.56,Isleta,4,17
2022,9/25/2022,157.15,152.41,4.74,Isleta,4,18
2022,9/26/2022,152.91,152.43,0.48,Isleta,4,19
